时间,电压(V),电流(A),D+(V),D-(V),时间文本,时间秒,总功耗(W)
17:29:09,8.94,0.9,0.79,3.43,17:29:09,62949,8.046
17:29:10,8.94,0.88,0.79,3.43,17:29:10,62950,7.8671999999999995
17:29:11,8.95,0.88,0.8,3.43,17:29:11,62951,7.8759999999999994
17:29:12,8.94,0.95,0.8,3.44,17:29:12,62952,8.492999999999999
17:29:13,8.96,0.88,0.8,3.44,17:29:13,62953,7.884800000000001
17:29:14,8.94,0.9,0.8,3.44,17:29:14,62954,8.046
17:29:15,8.95,0.87,0.8,3.43,17:29:15,62955,7.786499999999999
17:29:16,8.94,0.92,0.79,3.43,17:29:16,62956,8.2248
17:29:17,8.95,0.87,0.79,3.43,17:29:17,62957,7.786499999999999
17:29:18,8.95,0.88,0.8,3.43,17:29:18,62958,7.8759999999999994
17:29:19,8.95,0.89,0.79,3.43,17:29:19,62959,7.9655
17:29:20,8.95,0.87,0.79,3.43,17:29:20,62960,7.786499999999999
17:29:21,8.94,0.87,0.79,3.43,17:29:21,62961,7.777799999999999
17:29:22,8.94,0.87,0.8,3.44,17:29:22,62962,7.777799999999999
17:29:23,8.94,0.87,0.79,3.44,17:29:23,62963,7.777799999999999
17:29:24,8.95,0.87,0.79,3.43,17:29:24,62964,7.786499999999999
17:29:25,8.95,0.88,0.8,3.43,17:29:25,62965,7.8759999999999994
17:29:26,8.94,0.87,0.79,3.43,17:29:26,62966,7.777799999999999
17:29:27,8.95,0.9,0.8,3.44,17:29:27,62967,8.055
17:29:28,8.95,0.87,0.79,3.43,17:29:28,62968,7.786499999999999
17:29:29,8.95,0.91,0.79,3.44,17:29:29,62969,8.144499999999999
17:29:30,8.95,0.86,0.79,3.43,17:29:30,62970,7.696999999999999
17:29:31,8.96,0.86,0.79,3.43,17:29:31,62971,7.7056000000000004
17:29:32,8.96,0.93,0.8,3.43,17:29:32,62972,8.3328
17:29:33,8.95,0.88,0.79,3.43,17:29:33,62973,7.8759999999999994
17:29:34,8.95,0.95,0.8,3.45,17:29:34,62974,8.5025
17:29:35,8.95,0.87,0.8,3.43,17:29:35,62975,7.786499999999999
17:29:36,8.95,0.91,0.8,3.44,17:29:36,62976,8.144499999999999
17:29:37,8.95,0.89,0.79,3.43,17:29:37,62977,7.9655
17:29:38,8.94,0.87,0.79,3.43,17:29:38,62978,7.777799999999999
17:29:39,8.94,0.87,0.8,3.44,17:29:39,62979,7.777799999999999
17:29:40,8.94,0.86,0.79,3.43,17:29:40,62980,7.6884
17:29:41,8.95,0.86,0.8,3.43,17:29:41,62981,7.696999999999999
17:29:42,8.95,0.86,0.79,3.43,17:29:42,62982,7.696999999999999
17:29:43,8.94,0.86,0.79,3.43,17:29:43,62983,7.6884
17:29:44,8.96,0.89,0.79,3.43,17:29:44,62984,7.974400000000001
17:29:45,8.95,0.87,0.79,3.43,17:29:45,62985,7.786499999999999
17:29:46,8.94,0.85,0.8,3.44,17:29:46,62986,7.598999999999999
17:29:47,8.95,0.85,0.79,3.43,17:29:47,62987,7.607499999999999
17:29:48,8.96,0.85,0.79,3.43,17:29:48,62988,7.6160000000000005
17:29:49,8.94,0.87,0.79,3.43,17:29:49,62989,7.777799999999999
17:29:50,8.95,0.87,0.79,3.43,17:29:50,62990,7.786499999999999
17:29:51,8.95,0.85,0.79,3.43,17:29:51,62991,7.607499999999999
17:29:52,8.95,0.87,0.79,3.43,17:29:52,62992,7.786499999999999
17:29:53,8.95,0.87,0.79,3.43,17:29:53,62993,7.786499999999999
17:29:54,8.95,0.84,0.8,3.43,17:29:54,62994,7.517999999999999
17:29:55,8.94,0.85,0.79,3.43,17:29:55,62995,7.598999999999999
17:29:56,8.95,0.9,0.79,3.43,17:29:56,62996,8.055
17:29:57,8.94,0.92,0.8,3.44,17:29:57,62997,8.2248
17:29:58,8.94,0.85,0.79,3.43,17:29:58,62998,7.598999999999999
17:29:59,8.94,0.86,0.79,3.43,17:29:59,62999,7.6884
17:30:00,8.94,0.86,0.79,3.43,17:30:00,63000,7.6884
17:30:01,8.95,0.86,0.79,3.43,17:30:01,63001,7.696999999999999
17:30:02,8.94,0.87,0.79,3.43,17:30:02,63002,7.777799999999999
17:30:03,8.94,0.85,0.79,3.43,17:30:03,63003,7.598999999999999
17:30:04,8.94,0.85,0.79,3.43,17:30:04,63004,7.598999999999999
17:30:05,8.94,0.87,0.79,3.43,17:30:05,63005,7.777799999999999
17:30:06,8.95,0.91,0.8,3.43,17:30:06,63006,8.144499999999999
17:30:07,8.95,0.84,0.79,3.43,17:30:07,63007,7.517999999999999
17:30:08,8.94,0.87,0.79,3.43,17:30:08,63008,7.777799999999999
17:30:09,8.94,0.86,0.79,3.43,17:30:09,63009,7.6884
17:30:10,8.94,0.88,0.8,3.43,17:30:10,63010,7.8671999999999995
17:30:11,8.95,0.86,0.79,3.43,17:30:11,63011,7.696999999999999
17:30:12,8.95,0.86,0.79,3.43,17:30:12,63012,7.696999999999999
17:30:13,8.95,0.85,0.8,3.43,17:30:13,63013,7.607499999999999
17:30:14,8.95,0.85,0.79,3.43,17:30:14,63014,7.607499999999999
17:30:15,8.94,0.85,0.79,3.43,17:30:15,63015,7.598999999999999
17:30:16,8.95,0.86,0.79,3.43,17:30:16,63016,7.696999999999999
17:30:17,8.95,0.87,0.79,3.43,17:30:17,63017,7.786499999999999
17:30:18,8.95,0.88,0.8,3.43,17:30:18,63018,7.8759999999999994
17:30:19,8.94,0.84,0.79,3.43,17:30:19,63019,7.509599999999999
17:30:20,8.94,0.83,0.79,3.43,17:30:20,63020,7.4201999999999995
17:30:21,8.94,0.85,0.79,3.43,17:30:21,63021,7.598999999999999
17:30:22,8.96,0.84,0.79,3.43,17:30:22,63022,7.526400000000001
17:30:23,8.94,0.87,0.8,3.44,17:30:23,63023,7.777799999999999
17:30:24,8.95,0.83,0.79,3.43,17:30:24,63024,7.428499999999999
17:30:25,8.94,0.83,0.79,3.43,17:30:25,63025,7.4201999999999995
17:30:26,8.94,0.84,0.79,3.43,17:30:26,63026,7.509599999999999
17:30:27,8.94,0.87,0.79,3.43,17:30:27,63027,7.777799999999999
17:30:28,8.95,0.83,0.79,3.43,17:30:28,63028,7.428499999999999
17:30:29,8.96,0.87,0.8,3.44,17:30:29,63029,7.7952
17:30:30,8.95,0.83,0.8,3.43,17:30:30,63030,7.428499999999999
17:30:31,8.95,0.83,0.79,3.43,17:30:31,63031,7.428499999999999
17:30:32,8.95,0.86,0.79,3.42,17:30:32,63032,7.696999999999999
17:30:33,8.95,0.84,0.79,3.43,17:30:33,63033,7.517999999999999
17:30:34,8.95,0.86,0.79,3.43,17:30:34,63034,7.696999999999999
17:30:35,8.95,0.83,0.79,3.43,17:30:35,63035,7.428499999999999
17:30:36,8.95,0.83,0.79,3.43,17:30:36,63036,7.428499999999999
17:30:37,8.95,0.83,0.79,3.43,17:30:37,63037,7.428499999999999
17:30:38,8.95,0.83,0.79,3.43,17:30:38,63038,7.428499999999999
17:30:39,8.95,0.87,0.8,3.43,17:30:39,63039,7.786499999999999
17:30:40,8.95,0.83,0.79,3.43,17:30:40,63040,7.428499999999999
17:30:41,8.93,0.84,0.79,3.43,17:30:41,63041,7.5012
17:30:42,8.94,0.82,0.79,3.43,17:30:42,63042,7.330799999999999
17:30:43,8.95,0.82,0.79,3.43,17:30:43,63043,7.338999999999999
17:30:44,8.95,0.84,0.79,3.43,17:30:44,63044,7.517999999999999
17:30:45,8.95,0.83,0.79,3.43,17:30:45,63045,7.428499999999999
17:30:46,8.95,0.83,0.8,3.43,17:30:46,63046,7.428499999999999
17:30:47,8.95,0.85,0.79,3.43,17:30:47,63047,7.607499999999999
17:30:48,8.95,0.82,0.79,3.42,17:30:48,63048,7.338999999999999
17:30:49,8.94,0.82,0.79,3.43,17:30:49,63049,7.330799999999999
17:30:50,8.95,0.85,0.79,3.43,17:30:50,63050,7.607499999999999
17:30:51,8.95,0.82,0.79,3.43,17:30:51,63051,7.338999999999999
17:30:52,8.94,0.82,0.79,3.43,17:30:52,63052,7.330799999999999
17:30:53,8.94,0.81,0.79,3.43,17:30:53,63053,7.2414000000000005
17:30:54,8.95,0.83,0.79,3.43,17:30:54,63054,7.428499999999999
17:30:55,8.94,0.82,0.78,3.42,17:30:55,63055,7.330799999999999
17:30:56,8.95,0.86,0.79,3.43,17:30:56,63056,7.696999999999999
17:30:57,8.95,0.81,0.79,3.43,17:30:57,63057,7.2495
17:30:58,8.95,0.83,0.79,3.43,17:30:58,63058,7.428499999999999
17:30:59,8.95,0.82,0.79,3.43,17:30:59,63059,7.338999999999999
17:31:00,8.95,0.81,0.79,3.43,17:31:00,63060,7.2495
17:31:01,8.95,0.82,0.79,3.43,17:31:01,63061,7.338999999999999
17:31:02,8.95,0.83,0.79,3.43,17:31:02,63062,7.428499999999999
17:31:03,8.94,0.83,0.79,3.43,17:31:03,63063,7.4201999999999995
17:31:04,8.95,0.83,0.79,3.43,17:31:04,63064,7.428499999999999
17:31:05,8.94,0.82,0.79,3.43,17:31:05,63065,7.330799999999999
17:31:06,8.95,0.85,0.79,3.43,17:31:06,63066,7.607499999999999
17:31:07,8.95,0.81,0.79,3.43,17:31:07,63067,7.2495
17:31:08,8.94,0.83,0.79,3.43,17:31:08,63068,7.4201999999999995
17:31:09,8.95,0.81,0.79,3.43,17:31:09,63069,7.2495
17:31:10,8.94,1.27,0.82,3.46,17:31:10,63070,11.3538
17:31:11,8.95,1.17,0.82,3.45,17:31:11,63071,10.471499999999999
17:31:12,8.95,1.25,0.83,3.47,17:31:12,63072,11.1875
17:31:13,8.95,1.13,0.82,3.47,17:31:13,63073,10.113499999999998
17:31:14,8.95,0.86,0.79,3.43,17:31:14,63074,7.696999999999999
17:31:15,8.95,0.83,0.79,3.42,17:31:15,63075,7.428499999999999
17:31:16,8.95,0.8,0.79,3.42,17:31:16,63076,7.16
17:31:17,8.95,0.81,0.78,3.42,17:31:17,63077,7.2495
17:31:18,8.94,0.88,0.79,3.43,17:31:18,63078,7.8671999999999995
17:31:19,8.94,0.81,0.79,3.42,17:31:19,63079,7.2414000000000005
17:31:20,8.95,0.8,0.79,3.43,17:31:20,63080,7.16
17:31:21,8.95,0.81,0.79,3.43,17:31:21,63081,7.2495
17:31:22,8.94,0.8,0.79,3.42,17:31:22,63082,7.152
17:31:23,8.95,0.82,0.79,3.43,17:31:23,63083,7.338999999999999
17:31:24,8.95,0.8,0.79,3.43,17:31:24,63084,7.16
17:31:25,8.94,0.83,0.79,3.43,17:31:25,63085,7.4201999999999995
17:31:26,8.95,0.81,0.79,3.43,17:31:26,63086,7.2495
17:31:27,8.95,0.8,0.79,3.43,17:31:27,63087,7.16
17:31:28,8.94,0.84,0.79,3.43,17:31:28,63088,7.509599999999999
17:31:29,8.94,0.86,0.79,3.43,17:31:29,63089,7.6884
17:31:30,8.95,0.8,0.79,3.43,17:31:30,63090,7.16
17:31:31,8.94,0.81,0.79,3.43,17:31:31,63091,7.2414000000000005
17:31:32,8.95,0.92,0.79,3.42,17:31:32,63092,8.234
17:31:33,8.94,0.78,0.79,3.43,17:31:33,63093,6.9732
17:31:34,8.94,0.83,0.79,3.43,17:31:34,63094,7.4201999999999995
17:31:35,8.95,0.8,0.79,3.43,17:31:35,63095,7.16
17:31:36,8.94,0.8,0.79,3.43,17:31:36,63096,7.152
17:31:37,8.94,0.8,0.79,3.43,17:31:37,63097,7.152
17:31:38,8.95,0.81,0.79,3.43,17:31:38,63098,7.2495
17:31:39,8.94,0.79,0.78,3.42,17:31:39,63099,7.0626
17:31:40,8.95,0.82,0.79,3.43,17:31:40,63100,7.338999999999999
17:31:41,8.94,0.79,0.79,3.42,17:31:41,63101,7.0626
17:31:42,8.95,0.78,0.79,3.43,17:31:42,63102,6.981
17:31:43,8.95,0.79,0.79,3.43,17:31:43,63103,7.0705
17:31:44,8.94,0.79,0.79,3.43,17:31:44,63104,7.0626
17:31:45,8.95,0.79,0.79,3.43,17:31:45,63105,7.0705
17:31:46,8.95,0.82,0.79,3.43,17:31:46,63106,7.338999999999999
17:31:47,8.95,0.8,0.78,3.43,17:31:47,63107,7.16
17:31:48,8.94,0.85,0.79,3.43,17:31:48,63108,7.598999999999999
17:31:49,8.95,0.79,0.78,3.43,17:31:49,63109,7.0705
17:31:50,8.93,0.79,0.79,3.43,17:31:50,63110,7.0547
17:31:51,8.94,0.82,0.78,3.42,17:31:51,63111,7.330799999999999
17:31:52,8.95,0.78,0.79,3.42,17:31:52,63112,6.981
17:31:53,8.95,0.79,0.78,3.42,17:31:53,63113,7.0705
17:31:54,8.95,0.79,0.79,3.43,17:31:54,63114,7.0705
17:31:55,8.95,0.79,0.78,3.42,17:31:55,63115,7.0705
17:31:56,8.94,0.78,0.78,3.42,17:31:56,63116,6.9732
17:31:57,8.94,0.78,0.79,3.43,17:31:57,63117,6.9732
17:31:58,8.94,0.82,0.79,3.43,17:31:58,63118,7.330799999999999
17:31:59,8.94,0.78,0.78,3.43,17:31:59,63119,6.9732
17:32:00,8.94,0.77,0.78,3.42,17:32:00,63120,6.8838
17:32:01,8.95,0.78,0.78,3.42,17:32:01,63121,6.981
17:32:02,8.95,0.8,0.79,3.42,17:32:02,63122,7.16
17:32:03,8.95,0.81,0.79,3.43,17:32:03,63123,7.2495
17:32:04,8.95,0.86,0.79,3.43,17:32:04,63124,7.696999999999999
17:32:05,8.94,0.8,0.79,3.42,17:32:05,63125,7.152
17:32:06,8.95,0.78,0.79,3.42,17:32:06,63126,6.981
17:32:07,8.95,0.78,0.79,3.43,17:32:07,63127,6.981
17:32:08,8.94,0.79,0.78,3.42,17:32:08,63128,7.0626
17:32:09,8.95,0.78,0.79,3.43,17:32:09,63129,6.981
17:32:10,8.94,0.77,0.79,3.43,17:32:10,63130,6.8838
17:32:11,8.94,0.78,0.79,3.42,17:32:11,63131,6.9732
17:32:12,8.94,0.78,0.78,3.43,17:32:12,63132,6.9732
17:32:13,8.94,0.77,0.79,3.42,17:32:13,63133,6.8838
17:32:14,8.94,0.77,0.78,3.42,17:32:14,63134,6.8838
17:32:15,8.95,0.82,0.79,3.43,17:32:15,63135,7.338999999999999
17:32:16,8.95,0.77,0.79,3.42,17:32:16,63136,6.8915
17:32:17,8.95,0.82,0.79,3.43,17:32:17,63137,7.338999999999999
17:32:18,8.94,0.79,0.79,3.43,17:32:18,63138,7.0626
17:32:19,8.94,0.83,0.79,3.42,17:32:19,63139,7.4201999999999995
17:32:20,8.95,0.77,0.78,3.42,17:32:20,63140,6.8915
17:32:21,8.94,0.77,0.78,3.42,17:32:21,63141,6.8838
17:32:22,8.94,0.76,0.78,3.42,17:32:22,63142,6.7943999999999996
17:32:23,8.94,0.77,0.79,3.42,17:32:23,63143,6.8838
17:32:24,8.94,0.79,0.79,3.43,17:32:24,63144,7.0626
17:32:25,8.95,0.8,0.79,3.42,17:32:25,63145,7.16
17:32:26,8.94,0.76,0.78,3.42,17:32:26,63146,6.7943999999999996
17:32:27,8.94,0.79,0.79,3.43,17:32:27,63147,7.0626
17:32:28,8.95,0.77,0.78,3.42,17:32:28,63148,6.8915
17:32:29,8.95,0.76,0.78,3.42,17:32:29,63149,6.802
17:32:30,8.95,0.79,0.78,3.42,17:32:30,63150,7.0705
17:32:31,8.95,0.77,0.78,3.42,17:32:31,63151,6.8915
17:32:32,8.94,0.76,0.78,3.42,17:32:32,63152,6.7943999999999996
17:32:33,8.94,0.78,0.78,3.42,17:32:33,63153,6.9732
17:32:34,8.95,0.78,0.78,3.42,17:32:34,63154,6.981
17:32:35,8.94,0.76,0.78,3.42,17:32:35,63155,6.7943999999999996
17:32:36,8.93,0.79,0.79,3.42,17:32:36,63156,7.0547
17:32:37,8.95,0.76,0.79,3.43,17:32:37,63157,6.802
17:32:38,8.94,0.78,0.78,3.43,17:32:38,63158,6.9732
17:32:39,8.95,0.78,0.78,3.43,17:32:39,63159,6.981
17:32:40,8.95,0.77,0.78,3.42,17:32:40,63160,6.8915
17:32:41,8.95,0.78,0.78,3.42,17:32:41,63161,6.981
17:32:42,8.95,0.78,0.78,3.42,17:32:42,63162,6.981
17:32:43,8.95,0.8,0.79,3.42,17:32:43,63163,7.16
17:32:44,8.94,0.77,0.78,3.42,17:32:44,63164,6.8838
17:32:45,8.94,0.79,0.78,3.42,17:32:45,63165,7.0626
17:32:46,8.95,0.79,0.79,3.43,17:32:46,63166,7.0705
17:32:47,8.95,0.77,0.78,3.43,17:32:47,63167,6.8915
17:32:48,8.95,0.79,0.78,3.42,17:32:48,63168,7.0705
17:32:49,8.95,0.76,0.78,3.42,17:32:49,63169,6.802
17:32:50,8.95,0.76,0.78,3.42,17:32:50,63170,6.802
17:32:51,8.95,0.77,0.78,3.42,17:32:51,63171,6.8915
17:32:52,8.94,0.75,0.79,3.42,17:32:52,63172,6.705
17:32:53,8.95,0.82,0.79,3.43,17:32:53,63173,7.338999999999999
17:32:54,8.95,0.76,0.78,3.42,17:32:54,63174,6.802
17:32:55,8.95,0.77,0.79,3.43,17:32:55,63175,6.8915
17:32:56,8.95,0.76,0.78,3.42,17:32:56,63176,6.802
17:32:57,8.95,0.76,0.78,3.42,17:32:57,63177,6.802
17:32:58,8.94,0.81,0.79,3.42,17:32:58,63178,7.2414000000000005
17:32:59,8.94,0.75,0.78,3.42,17:32:59,63179,6.705
17:33:00,8.94,0.78,0.78,3.42,17:33:00,63180,6.9732
17:33:01,8.95,0.76,0.78,3.42,17:33:01,63181,6.802
17:33:02,8.94,0.75,0.78,3.42,17:33:02,63182,6.705
17:33:03,8.95,0.76,0.78,3.42,17:33:03,63183,6.802
17:33:04,8.95,0.75,0.78,3.42,17:33:04,63184,6.7124999999999995
17:33:05,8.95,0.77,0.79,3.42,17:33:05,63185,6.8915
17:33:06,8.95,0.82,0.79,3.43,17:33:06,63186,7.338999999999999
17:33:07,8.95,0.77,0.79,3.42,17:33:07,63187,6.8915
17:33:08,8.95,0.76,0.78,3.42,17:33:08,63188,6.802
17:33:09,8.95,0.75,0.78,3.41,17:33:09,63189,6.7124999999999995
17:33:10,8.94,0.78,0.79,3.43,17:33:10,63190,6.9732
17:33:11,8.95,0.82,0.78,3.42,17:33:11,63191,7.338999999999999
17:33:12,8.94,0.75,0.78,3.42,17:33:12,63192,6.705
17:33:13,8.94,0.76,0.78,3.42,17:33:13,63193,6.7943999999999996
17:33:14,8.94,0.79,0.79,3.43,17:33:14,63194,7.0626
17:33:15,8.96,0.76,0.78,3.42,17:33:15,63195,6.8096000000000005
17:33:16,8.94,0.74,0.78,3.42,17:33:16,63196,6.6156
17:33:17,8.94,0.74,0.78,3.42,17:33:17,63197,6.6156
17:33:18,8.94,0.74,0.78,3.42,17:33:18,63198,6.6156
17:33:19,8.95,0.74,0.78,3.42,17:33:19,63199,6.622999999999999
17:33:20,8.95,0.74,0.78,3.42,17:33:20,63200,6.622999999999999
17:33:21,8.94,0.76,0.78,3.42,17:33:21,63201,6.7943999999999996
17:33:22,8.94,0.73,0.79,3.43,17:33:22,63202,6.526199999999999
17:33:23,8.94,0.74,0.78,3.42,17:33:23,63203,6.6156
17:33:24,8.94,0.74,0.78,3.42,17:33:24,63204,6.6156
17:33:25,8.95,0.8,0.78,3.42,17:33:25,63205,7.16
17:33:26,8.94,0.75,0.78,3.42,17:33:26,63206,6.705
17:33:27,8.95,0.74,0.78,3.42,17:33:27,63207,6.622999999999999
17:33:28,8.95,0.75,0.78,3.42,17:33:28,63208,6.7124999999999995
17:33:29,8.95,0.74,0.78,3.42,17:33:29,63209,6.622999999999999
17:33:30,8.95,0.79,0.79,3.42,17:33:30,63210,7.0705
17:33:31,8.94,0.74,0.78,3.42,17:33:31,63211,6.6156
17:33:32,8.95,0.76,0.78,3.42,17:33:32,63212,6.802
17:33:33,8.95,0.74,0.78,3.42,17:33:33,63213,6.622999999999999
17:33:34,8.95,0.75,0.78,3.42,17:33:34,63214,6.7124999999999995
17:33:35,8.95,0.74,0.78,3.42,17:33:35,63215,6.622999999999999
17:33:36,8.95,0.73,0.78,3.42,17:33:36,63216,6.533499999999999
17:33:37,8.95,0.76,0.78,3.42,17:33:37,63217,6.802
17:33:38,8.94,0.8,0.78,3.43,17:33:38,63218,7.152
17:33:39,8.95,0.78,0.79,3.43,17:33:39,63219,6.981
17:33:40,8.93,0.73,0.78,3.42,17:33:40,63220,6.5188999999999995
17:33:41,8.94,0.73,0.78,3.42,17:33:41,63221,6.526199999999999
17:33:42,8.95,0.73,0.78,3.42,17:33:42,63222,6.533499999999999
17:33:43,8.95,0.76,0.78,3.42,17:33:43,63223,6.802
17:33:44,8.95,0.73,0.78,3.42,17:33:44,63224,6.533499999999999
17:33:45,8.94,0.73,0.78,3.42,17:33:45,63225,6.526199999999999
17:33:46,8.94,0.73,0.78,3.42,17:33:46,63226,6.526199999999999
17:33:47,8.94,0.73,0.78,3.41,17:33:47,63227,6.526199999999999
17:33:48,8.94,0.76,0.78,3.42,17:33:48,63228,6.7943999999999996
17:33:49,8.94,0.75,0.78,3.42,17:33:49,63229,6.705
17:33:50,8.94,0.75,0.78,3.42,17:33:50,63230,6.705
17:33:51,8.95,0.74,0.78,3.42,17:33:51,63231,6.622999999999999
17:33:52,8.95,0.73,0.78,3.42,17:33:52,63232,6.533499999999999
17:33:53,8.95,0.72,0.78,3.42,17:33:53,63233,6.443999999999999
17:33:54,8.94,0.73,0.78,3.42,17:33:54,63234,6.526199999999999
17:33:55,8.95,0.76,0.78,3.42,17:33:55,63235,6.802
17:33:56,8.95,0.73,0.78,3.42,17:33:56,63236,6.533499999999999
17:33:57,8.95,0.73,0.78,3.42,17:33:57,63237,6.533499999999999
17:33:58,8.94,0.76,0.78,3.41,17:33:58,63238,6.7943999999999996
17:33:59,8.95,0.73,0.78,3.42,17:33:59,63239,6.533499999999999
17:34:00,8.94,0.72,0.78,3.42,17:34:00,63240,6.436799999999999
17:34:01,8.95,0.74,0.78,3.42,17:34:01,63241,6.622999999999999
17:34:02,8.95,0.76,0.78,3.42,17:34:02,63242,6.802
17:34:03,8.94,0.73,0.78,3.42,17:34:03,63243,6.526199999999999
17:34:04,8.95,0.72,0.78,3.42,17:34:04,63244,6.443999999999999
17:34:05,8.95,0.72,0.78,3.42,17:34:05,63245,6.443999999999999
17:34:06,8.94,0.72,0.78,3.41,17:34:06,63246,6.436799999999999
17:34:07,8.95,0.73,0.78,3.42,17:34:07,63247,6.533499999999999
17:34:08,8.94,0.72,0.78,3.42,17:34:08,63248,6.436799999999999
17:34:09,8.95,0.72,0.78,3.42,17:34:09,63249,6.443999999999999
17:34:10,8.95,0.72,0.78,3.42,17:34:10,63250,6.443999999999999
17:34:11,8.94,0.71,0.78,3.42,17:34:11,63251,6.3473999999999995
17:34:12,8.94,0.76,0.78,3.42,17:34:12,63252,6.7943999999999996
17:34:13,8.94,0.72,0.78,3.42,17:34:13,63253,6.436799999999999
17:34:14,8.94,0.72,0.78,3.42,17:34:14,63254,6.436799999999999
17:34:15,8.94,0.72,0.78,3.42,17:34:15,63255,6.436799999999999
17:34:16,8.94,0.71,0.78,3.41,17:34:16,63256,6.3473999999999995
17:34:17,8.94,0.72,0.78,3.41,17:34:17,63257,6.436799999999999
17:34:18,8.95,0.73,0.78,3.42,17:34:18,63258,6.533499999999999
17:34:19,8.94,0.75,0.79,3.42,17:34:19,63259,6.705
17:34:20,8.94,0.72,0.78,3.41,17:34:20,63260,6.436799999999999
17:34:21,8.95,0.73,0.78,3.42,17:34:21,63261,6.533499999999999
17:34:22,8.94,0.73,0.78,3.42,17:34:22,63262,6.526199999999999
17:34:23,8.93,0.71,0.78,3.41,17:34:23,63263,6.340299999999999
17:34:24,8.95,0.71,0.78,3.42,17:34:24,63264,6.354499999999999
17:34:25,8.95,0.71,0.78,3.41,17:34:25,63265,6.354499999999999
17:34:26,8.95,0.71,0.78,3.41,17:34:26,63266,6.354499999999999
17:34:27,8.94,0.72,0.78,3.42,17:34:27,63267,6.436799999999999
17:34:28,8.94,0.71,0.78,3.42,17:34:28,63268,6.3473999999999995
17:34:29,8.95,0.76,0.78,3.42,17:34:29,63269,6.802
17:34:30,8.95,0.73,0.78,3.42,17:34:30,63270,6.533499999999999
17:34:31,8.94,0.73,0.78,3.41,17:34:31,63271,6.526199999999999
17:34:32,8.94,0.7,0.78,3.42,17:34:32,63272,6.257999999999999
17:34:33,8.94,0.71,0.78,3.41,17:34:33,63273,6.3473999999999995
17:34:34,8.95,0.71,0.78,3.42,17:34:34,63274,6.354499999999999
17:34:35,8.94,0.7,0.78,3.41,17:34:35,63275,6.257999999999999
17:34:36,8.95,0.7,0.78,3.41,17:34:36,63276,6.264999999999999
17:34:37,8.94,0.73,0.78,3.41,17:34:37,63277,6.526199999999999
17:34:38,8.95,0.71,0.78,3.42,17:34:38,63278,6.354499999999999
17:34:39,8.94,0.74,0.78,3.42,17:34:39,63279,6.6156
17:34:40,8.95,0.71,0.78,3.42,17:34:40,63280,6.354499999999999
17:34:41,8.95,0.71,0.78,3.42,17:34:41,63281,6.354499999999999
17:34:42,8.95,0.7,0.78,3.42,17:34:42,63282,6.264999999999999
17:34:43,8.94,0.7,0.78,3.42,17:34:43,63283,6.257999999999999
17:34:44,8.95,0.72,0.78,3.42,17:34:44,63284,6.443999999999999
17:34:45,8.94,0.7,0.78,3.41,17:34:45,63285,6.257999999999999
17:34:46,8.95,0.71,0.78,3.42,17:34:46,63286,6.354499999999999
17:34:47,8.94,0.74,0.78,3.42,17:34:47,63287,6.6156
17:34:48,8.95,0.7,0.78,3.41,17:34:48,63288,6.264999999999999
17:34:49,8.95,0.7,0.78,3.41,17:34:49,63289,6.264999999999999
17:34:50,8.94,0.76,0.78,3.42,17:34:50,63290,6.7943999999999996
17:34:51,8.95,0.7,0.78,3.41,17:34:51,63291,6.264999999999999
17:34:52,8.95,0.7,0.78,3.42,17:34:52,63292,6.264999999999999
17:34:53,8.95,0.7,0.78,3.41,17:34:53,63293,6.264999999999999
17:34:54,8.95,0.7,0.78,3.41,17:34:54,63294,6.264999999999999
17:34:55,8.95,0.72,0.78,3.41,17:34:55,63295,6.443999999999999
17:34:56,8.94,0.69,0.78,3.42,17:34:56,63296,6.168599999999999
17:34:57,8.95,0.72,0.78,3.42,17:34:57,63297,6.443999999999999
17:34:58,8.95,0.71,0.78,3.42,17:34:58,63298,6.354499999999999
17:34:59,8.95,0.7,0.78,3.41,17:34:59,63299,6.264999999999999
17:35:00,8.95,0.74,0.78,3.42,17:35:00,63300,6.622999999999999
17:35:01,8.94,0.7,0.78,3.41,17:35:01,63301,6.257999999999999
17:35:02,8.95,0.71,0.78,3.41,17:35:02,63302,6.354499999999999
17:35:03,8.95,0.7,0.78,3.41,17:35:03,63303,6.264999999999999
17:35:04,8.95,0.7,0.78,3.42,17:35:04,63304,6.264999999999999
17:35:05,8.94,0.69,0.78,3.42,17:35:05,63305,6.168599999999999
17:35:06,8.95,0.69,0.78,3.41,17:35:06,63306,6.175499999999999
17:35:07,8.95,0.73,0.78,3.42,17:35:07,63307,6.533499999999999
17:35:08,8.96,0.7,0.78,3.42,17:35:08,63308,6.272
17:35:09,8.94,0.69,0.78,3.41,17:35:09,63309,6.168599999999999
17:35:10,8.95,0.71,0.78,3.42,17:35:10,63310,6.354499999999999
17:35:11,8.94,0.71,0.78,3.42,17:35:11,63311,6.3473999999999995
17:35:12,8.95,0.76,0.78,3.42,17:35:12,63312,6.802
17:35:13,8.95,0.72,0.78,3.41,17:35:13,63313,6.443999999999999
17:35:14,8.96,0.74,0.78,3.42,17:35:14,63314,6.630400000000001
17:35:15,8.95,0.69,0.78,3.42,17:35:15,63315,6.175499999999999
17:35:16,8.95,0.71,0.78,3.41,17:35:16,63316,6.354499999999999
17:35:17,8.94,0.68,0.78,3.41,17:35:17,63317,6.0792
17:35:18,8.95,0.69,0.78,3.41,17:35:18,63318,6.175499999999999
17:35:19,8.96,0.74,0.78,3.41,17:35:19,63319,6.630400000000001
17:35:20,8.95,0.69,0.78,3.42,17:35:20,63320,6.175499999999999
17:35:21,8.95,0.7,0.78,3.41,17:35:21,63321,6.264999999999999
17:35:22,8.94,0.7,0.78,3.41,17:35:22,63322,6.257999999999999
17:35:23,8.95,0.68,0.78,3.42,17:35:23,63323,6.086
17:35:24,8.95,0.7,0.78,3.42,17:35:24,63324,6.264999999999999
17:35:25,8.95,0.69,0.78,3.42,17:35:25,63325,6.175499999999999
17:35:26,8.96,0.69,0.77,3.41,17:35:26,63326,6.1824
17:35:27,8.95,0.68,0.78,3.41,17:35:27,63327,6.086
17:35:28,8.95,0.7,0.78,3.42,17:35:28,63328,6.264999999999999
17:35:29,8.95,0.73,0.78,3.41,17:35:29,63329,6.533499999999999
17:35:30,8.95,0.74,0.78,3.42,17:35:30,63330,6.622999999999999
17:35:31,8.95,0.7,0.78,3.41,17:35:31,63331,6.264999999999999
17:35:32,8.95,0.68,0.78,3.41,17:35:32,63332,6.086
17:35:33,8.95,0.67,0.77,3.41,17:35:33,63333,5.9965
17:35:34,8.95,0.69,0.78,3.42,17:35:34,63334,6.175499999999999
17:35:35,8.94,0.68,0.78,3.41,17:35:35,63335,6.0792
17:35:36,8.95,0.69,0.78,3.41,17:35:36,63336,6.175499999999999
17:35:37,8.95,0.68,0.78,3.41,17:35:37,63337,6.086
17:35:38,8.94,0.69,0.78,3.42,17:35:38,63338,6.168599999999999
17:35:39,8.96,0.68,0.78,3.41,17:35:39,63339,6.092800000000001
17:35:40,8.95,0.7,0.78,3.42,17:35:40,63340,6.264999999999999
17:35:41,8.95,0.74,0.78,3.41,17:35:41,63341,6.622999999999999
17:35:42,8.94,0.68,0.77,3.41,17:35:42,63342,6.0792
17:35:43,8.94,0.71,0.78,3.42,17:35:43,63343,6.3473999999999995
17:35:44,8.95,0.68,0.77,3.41,17:35:44,63344,6.086
17:35:45,8.95,0.69,0.77,3.41,17:35:45,63345,6.175499999999999
17:35:46,8.95,0.71,0.78,3.41,17:35:46,63346,6.354499999999999
17:35:47,8.95,0.68,0.77,3.41,17:35:47,63347,6.086
17:35:48,8.94,0.67,0.77,3.41,17:35:48,63348,5.9898
17:35:49,8.95,0.67,0.78,3.41,17:35:49,63349,5.9965
17:35:50,8.95,0.73,0.78,3.42,17:35:50,63350,6.533499999999999
17:35:51,8.94,0.67,0.77,3.41,17:35:51,63351,5.9898
17:35:52,8.94,0.69,0.77,3.41,17:35:52,63352,6.168599999999999
17:35:53,8.94,0.67,0.78,3.41,17:35:53,63353,5.9898
17:35:54,8.94,0.68,0.77,3.41,17:35:54,63354,6.0792
17:35:55,8.94,0.68,0.78,3.42,17:35:55,63355,6.0792
17:35:56,8.95,0.69,0.77,3.41,17:35:56,63356,6.175499999999999
17:35:57,8.94,0.69,0.77,3.41,17:35:57,63357,6.168599999999999
17:35:58,8.95,0.67,0.78,3.41,17:35:58,63358,5.9965
17:35:59,8.94,0.67,0.77,3.41,17:35:59,63359,5.9898
17:36:00,8.95,0.67,0.77,3.41,17:36:00,63360,5.9965
17:36:01,8.94,0.67,0.77,3.41,17:36:01,63361,5.9898
17:36:02,8.95,0.68,0.78,3.41,17:36:02,63362,6.086
17:36:03,8.95,0.69,0.77,3.41,17:36:03,63363,6.175499999999999
17:36:04,8.94,0.69,0.78,3.41,17:36:04,63364,6.168599999999999
17:36:05,8.95,0.68,0.77,3.41,17:36:05,63365,6.086
17:36:06,8.94,0.67,0.78,3.41,17:36:06,63366,5.9898
17:36:07,8.94,0.7,0.77,3.42,17:36:07,63367,6.257999999999999
17:36:08,8.94,0.68,0.78,3.41,17:36:08,63368,6.0792
17:36:09,8.94,0.77,0.78,3.42,17:36:09,63369,6.8838
17:36:10,8.95,0.68,0.78,3.41,17:36:10,63370,6.086
17:36:11,8.95,0.68,0.77,3.41,17:36:11,63371,6.086
17:36:12,8.95,0.68,0.77,3.41,17:36:12,63372,6.086
17:36:13,8.95,0.66,0.78,3.41,17:36:13,63373,5.907
17:36:14,8.94,0.67,0.77,3.41,17:36:14,63374,5.9898
17:36:15,8.94,0.67,0.78,3.41,17:36:15,63375,5.9898
17:36:16,8.94,0.66,0.77,3.42,17:36:16,63376,5.9004
17:36:17,8.95,0.66,0.77,3.41,17:36:17,63377,5.907
17:36:18,8.94,0.68,0.77,3.41,17:36:18,63378,6.0792
17:36:19,8.95,0.66,0.77,3.41,17:36:19,63379,5.907
17:36:20,8.95,0.66,0.78,3.41,17:36:20,63380,5.907
17:36:21,8.94,0.67,0.77,3.41,17:36:21,63381,5.9898
17:36:22,8.94,0.66,0.78,3.41,17:36:22,63382,5.9004
17:36:23,8.95,0.66,0.77,3.41,17:36:23,63383,5.907
17:36:24,8.95,0.69,0.77,3.41,17:36:24,63384,6.175499999999999
17:36:25,8.95,0.66,0.77,3.41,17:36:25,63385,5.907
17:36:26,8.95,0.65,0.77,3.41,17:36:26,63386,5.8175
17:36:27,8.94,0.69,0.78,3.42,17:36:27,63387,6.168599999999999
17:36:28,8.94,0.66,0.77,3.41,17:36:28,63388,5.9004
17:36:29,8.95,0.67,0.77,3.41,17:36:29,63389,5.9965
17:36:30,8.94,0.67,0.77,3.41,17:36:30,63390,5.9898
17:36:31,8.94,0.65,0.78,3.41,17:36:31,63391,5.811
17:36:32,8.95,0.65,0.77,3.41,17:36:32,63392,5.8175
17:36:33,8.94,0.7,0.78,3.41,17:36:33,63393,6.257999999999999
17:36:34,8.95,0.76,0.77,3.41,17:36:34,63394,6.802
17:36:35,8.94,0.65,0.77,3.41,17:36:35,63395,5.811
17:36:36,8.94,0.67,0.77,3.41,17:36:36,63396,5.9898
17:36:37,8.94,0.66,0.77,3.41,17:36:37,63397,5.9004
17:36:38,8.95,0.66,0.78,3.42,17:36:38,63398,5.907
17:36:39,8.95,0.66,0.77,3.41,17:36:39,63399,5.907
17:36:40,8.95,0.65,0.77,3.41,17:36:40,63400,5.8175
17:36:41,8.94,0.68,0.78,3.41,17:36:41,63401,6.0792
17:36:42,8.95,0.65,0.78,3.41,17:36:42,63402,5.8175
17:36:43,8.94,0.66,0.78,3.41,17:36:43,63403,5.9004
17:36:44,8.94,0.66,0.77,3.41,17:36:44,63404,5.9004
17:36:45,8.94,0.64,0.78,3.41,17:36:45,63405,5.7216
17:36:46,8.95,0.66,0.78,3.41,17:36:46,63406,5.907
17:36:47,8.94,0.67,0.77,3.41,17:36:47,63407,5.9898
17:36:48,8.94,0.7,0.77,3.41,17:36:48,63408,6.257999999999999
17:36:49,8.94,0.67,0.77,3.41,17:36:49,63409,5.9898
17:36:50,8.93,0.66,0.77,3.41,17:36:50,63410,5.8938
17:36:51,8.95,0.66,0.77,3.41,17:36:51,63411,5.907
17:36:52,8.94,0.65,0.77,3.41,17:36:52,63412,5.811
17:36:53,8.95,0.66,0.78,3.41,17:36:53,63413,5.907
17:36:54,8.95,0.64,0.77,3.41,17:36:54,63414,5.728
17:36:55,8.94,0.66,0.77,3.41,17:36:55,63415,5.9004
17:36:56,8.95,0.64,0.77,3.41,17:36:56,63416,5.728
17:36:57,8.94,0.66,0.77,3.41,17:36:57,63417,5.9004
17:36:58,8.94,0.65,0.77,3.41,17:36:58,63418,5.811
17:36:59,8.94,0.67,0.77,3.41,17:36:59,63419,5.9898
17:37:00,8.95,0.65,0.77,3.41,17:37:00,63420,5.8175
17:37:01,8.95,0.64,0.78,3.41,17:37:01,63421,5.728
17:37:02,8.95,0.65,0.77,3.41,17:37:02,63422,5.8175
17:37:03,8.95,0.67,0.78,3.41,17:37:03,63423,5.9965
17:37:04,8.95,0.65,0.77,3.41,17:37:04,63424,5.8175
17:37:05,8.95,0.64,0.77,3.41,17:37:05,63425,5.728
17:37:06,8.95,0.64,0.77,3.41,17:37:06,63426,5.728
17:37:07,8.94,0.65,0.77,3.41,17:37:07,63427,5.811
17:37:08,8.94,0.66,0.77,3.41,17:37:08,63428,5.9004
17:37:09,8.95,0.66,0.77,3.41,17:37:09,63429,5.907
17:37:10,8.95,0.65,0.77,3.41,17:37:10,63430,5.8175
17:37:11,8.95,0.65,0.77,3.41,17:37:11,63431,5.8175
17:37:12,8.94,0.64,0.77,3.41,17:37:12,63432,5.7216
17:37:13,8.95,0.64,0.77,3.41,17:37:13,63433,5.728
17:37:14,8.95,0.66,0.77,3.41,17:37:14,63434,5.907
17:37:15,8.95,0.64,0.77,3.41,17:37:15,63435,5.728
17:37:16,8.95,0.69,0.78,3.41,17:37:16,63436,6.175499999999999
17:37:17,8.95,0.65,0.77,3.41,17:37:17,63437,5.8175
17:37:18,8.94,0.63,0.77,3.41,17:37:18,63438,5.6322
17:37:19,8.95,0.64,0.77,3.41,17:37:19,63439,5.728
17:37:20,8.95,0.65,0.77,3.41,17:37:20,63440,5.8175
17:37:21,8.95,0.66,0.77,3.41,17:37:21,63441,5.907
17:37:22,8.95,0.63,0.77,3.4,17:37:22,63442,5.6385
17:37:23,8.95,0.63,0.77,3.41,17:37:23,63443,5.6385
17:37:24,8.96,0.68,0.77,3.41,17:37:24,63444,6.092800000000001
17:37:25,8.95,0.63,0.77,3.41,17:37:25,63445,5.6385
17:37:26,8.95,0.65,0.78,3.41,17:37:26,63446,5.8175
17:37:27,8.95,0.65,0.77,3.41,17:37:27,63447,5.8175
17:37:28,8.95,0.67,0.77,3.41,17:37:28,63448,5.9965
17:37:29,8.95,0.64,0.77,3.41,17:37:29,63449,5.728
17:37:30,8.95,0.69,0.78,3.41,17:37:30,63450,6.175499999999999
17:37:31,8.94,0.66,0.77,3.41,17:37:31,63451,5.9004
17:37:32,8.95,0.64,0.77,3.4,17:37:32,63452,5.728
17:37:33,8.95,0.67,0.78,3.41,17:37:33,63453,5.9965
17:37:34,8.94,0.65,0.77,3.41,17:37:34,63454,5.811
17:37:35,8.95,0.63,0.77,3.41,17:37:35,63455,5.6385
17:37:36,8.95,0.63,0.77,3.41,17:37:36,63456,5.6385
17:37:37,8.94,0.62,0.77,3.41,17:37:37,63457,5.5428
17:37:38,8.95,0.66,0.77,3.41,17:37:38,63458,5.907
17:37:39,8.94,0.64,0.77,3.41,17:37:39,63459,5.7216
17:37:40,8.95,0.63,0.77,3.41,17:37:40,63460,5.6385
17:37:41,8.95,0.63,0.77,3.41,17:37:41,63461,5.6385
17:37:42,8.95,0.63,0.77,3.41,17:37:42,63462,5.6385
17:37:43,8.95,0.68,0.77,3.41,17:37:43,63463,6.086
17:37:44,8.95,0.62,0.77,3.41,17:37:44,63464,5.5489999999999995
17:37:45,8.95,0.69,0.77,3.41,17:37:45,63465,6.175499999999999
17:37:46,8.94,0.65,0.77,3.41,17:37:46,63466,5.811
17:37:47,8.95,0.62,0.77,3.41,17:37:47,63467,5.5489999999999995
17:37:48,8.95,0.64,0.77,3.41,17:37:48,63468,5.728
17:37:49,8.94,0.63,0.77,3.41,17:37:49,63469,5.6322
17:37:50,8.95,0.66,0.77,3.41,17:37:50,63470,5.907
17:37:51,8.94,0.64,0.77,3.41,17:37:51,63471,5.7216
17:37:52,8.95,0.62,0.77,3.4,17:37:52,63472,5.5489999999999995
17:37:53,8.95,0.63,0.78,3.41,17:37:53,63473,5.6385
17:37:54,8.95,0.62,0.77,3.41,17:37:54,63474,5.5489999999999995
17:37:55,8.95,0.64,0.77,3.41,17:37:55,63475,5.728
17:37:56,8.95,0.62,0.77,3.41,17:37:56,63476,5.5489999999999995
17:37:57,8.94,0.67,0.77,3.41,17:37:57,63477,5.9898
17:37:58,8.95,0.62,0.77,3.41,17:37:58,63478,5.5489999999999995
17:37:59,8.96,0.67,0.77,3.41,17:37:59,63479,6.0032000000000005
17:38:00,8.94,0.65,0.77,3.41,17:38:00,63480,5.811
17:38:01,8.95,0.62,0.77,3.41,17:38:01,63481,5.5489999999999995
17:38:02,8.95,0.63,0.77,3.41,17:38:02,63482,5.6385
17:38:03,8.95,0.63,0.77,3.41,17:38:03,63483,5.6385
17:38:04,8.95,0.64,0.77,3.41,17:38:04,63484,5.728
17:38:05,8.95,0.64,0.77,3.41,17:38:05,63485,5.728
17:38:06,8.95,0.64,0.77,3.41,17:38:06,63486,5.728
17:38:07,8.95,0.6,0.78,3.41,17:38:07,63487,5.369999999999999
17:38:08,8.94,0.64,0.77,3.41,17:38:08,63488,5.7216
17:38:09,8.94,0.64,0.77,3.41,17:38:09,63489,5.7216
17:38:10,8.95,0.64,0.77,3.41,17:38:10,63490,5.728
17:38:11,8.95,0.64,0.77,3.41,17:38:11,63491,5.728
17:38:12,8.95,0.64,0.77,3.41,17:38:12,63492,5.728
17:38:13,8.95,0.65,0.77,3.41,17:38:13,63493,5.8175
17:38:14,8.95,0.65,0.77,3.41,17:38:14,63494,5.8175
17:38:15,8.94,0.62,0.77,3.4,17:38:15,63495,5.5428
17:38:16,8.94,0.62,0.77,3.4,17:38:16,63496,5.5428
17:38:17,8.94,0.62,0.77,3.4,17:38:17,63497,5.5428
17:38:18,8.95,0.61,0.77,3.41,17:38:18,63498,5.459499999999999
17:38:19,8.95,0.62,0.77,3.41,17:38:19,63499,5.5489999999999995
17:38:20,8.95,0.62,0.77,3.41,17:38:20,63500,5.5489999999999995
17:38:21,8.93,0.61,0.77,3.41,17:38:21,63501,5.447299999999999
17:38:22,8.95,0.62,0.77,3.41,17:38:22,63502,5.5489999999999995
17:38:23,8.95,0.62,0.77,3.41,17:38:23,63503,5.5489999999999995
17:38:24,8.94,0.62,0.77,3.41,17:38:24,63504,5.5428
17:38:25,8.95,0.62,0.77,3.41,17:38:25,63505,5.5489999999999995
17:38:26,8.95,0.62,0.77,3.41,17:38:26,63506,5.5489999999999995
17:38:27,8.95,0.63,0.77,3.4,17:38:27,63507,5.6385
17:38:28,8.95,0.62,0.77,3.4,17:38:28,63508,5.5489999999999995
17:38:29,8.95,0.62,0.77,3.4,17:38:29,63509,5.5489999999999995
17:38:30,8.94,0.61,0.77,3.41,17:38:30,63510,5.453399999999999
17:38:31,8.95,0.63,0.77,3.41,17:38:31,63511,5.6385
17:38:32,8.95,0.63,0.77,3.41,17:38:32,63512,5.6385
17:38:33,8.94,0.62,0.77,3.41,17:38:33,63513,5.5428
17:38:34,8.94,0.62,0.77,3.41,17:38:34,63514,5.5428
17:38:35,8.94,0.61,0.77,3.41,17:38:35,63515,5.453399999999999
17:38:36,8.95,0.6,0.77,3.41,17:38:36,63516,5.369999999999999
17:38:37,8.95,0.6,0.77,3.41,17:38:37,63517,5.369999999999999
17:38:38,8.95,0.6,0.77,3.41,17:38:38,63518,5.369999999999999
17:38:39,8.95,0.62,0.77,3.41,17:38:39,63519,5.5489999999999995
17:38:40,8.95,0.62,0.77,3.41,17:38:40,63520,5.5489999999999995
17:38:41,8.95,0.6,0.77,3.41,17:38:41,63521,5.369999999999999
17:38:42,8.95,0.62,0.77,3.41,17:38:42,63522,5.5489999999999995
17:38:43,8.95,0.62,0.77,3.41,17:38:43,63523,5.5489999999999995
17:38:44,8.95,0.61,0.77,3.41,17:38:44,63524,5.459499999999999
17:38:45,8.95,0.61,0.77,3.41,17:38:45,63525,5.459499999999999
17:38:46,8.95,0.61,0.77,3.41,17:38:46,63526,5.459499999999999
17:38:47,8.95,0.62,0.77,3.41,17:38:47,63527,5.5489999999999995
17:38:48,8.95,0.62,0.77,3.41,17:38:48,63528,5.5489999999999995
17:38:49,8.94,0.62,0.77,3.4,17:38:49,63529,5.5428
17:38:50,8.95,0.66,0.77,3.41,17:38:50,63530,5.907
17:38:51,8.95,0.66,0.77,3.41,17:38:51,63531,5.907
17:38:52,8.94,0.62,0.77,3.4,17:38:52,63532,5.5428
17:38:53,8.94,0.61,0.77,3.41,17:38:53,63533,5.453399999999999
17:38:54,8.94,0.61,0.77,3.41,17:38:54,63534,5.453399999999999
17:38:55,8.95,0.66,0.77,3.41,17:38:55,63535,5.907
17:38:56,8.95,0.62,0.77,3.41,17:38:56,63536,5.5489999999999995
17:38:57,8.95,0.62,0.77,3.41,17:38:57,63537,5.5489999999999995
17:38:58,8.95,0.62,0.77,3.41,17:38:58,63538,5.5489999999999995
17:38:59,8.95,0.63,0.78,3.41,17:38:59,63539,5.6385
17:39:00,8.95,0.63,0.78,3.41,17:39:00,63540,5.6385
17:39:01,8.95,0.62,0.77,3.4,17:39:01,63541,5.5489999999999995
17:39:02,8.95,0.62,0.77,3.4,17:39:02,63542,5.5489999999999995
17:39:03,8.94,0.6,0.77,3.4,17:39:03,63543,5.364
17:39:04,8.95,0.64,0.77,3.41,17:39:04,63544,5.728
17:39:05,8.95,0.64,0.77,3.41,17:39:05,63545,5.728
17:39:06,8.95,0.6,0.77,3.41,17:39:06,63546,5.369999999999999
17:39:07,8.95,0.6,0.77,3.4,17:39:07,63547,5.369999999999999
17:39:08,8.95,0.67,0.77,3.4,17:39:08,63548,5.9965
17:39:09,8.94,0.59,0.77,3.41,17:39:09,63549,5.2745999999999995
17:39:10,8.94,0.65,0.77,3.41,17:39:10,63550,5.811
17:39:11,8.95,0.61,0.77,3.4,17:39:11,63551,5.459499999999999
17:39:12,8.95,0.59,0.77,3.4,17:39:12,63552,5.280499999999999
17:39:13,8.95,0.59,0.77,3.41,17:39:13,63553,5.280499999999999
17:39:14,8.95,0.59,0.77,3.4,17:39:14,63554,5.280499999999999
17:39:15,8.95,0.59,0.77,3.4,17:39:15,63555,5.280499999999999
17:39:16,8.96,0.64,0.77,3.41,17:39:16,63556,5.734400000000001
17:39:17,8.95,0.59,0.77,3.4,17:39:17,63557,5.280499999999999
17:39:18,8.95,0.64,0.77,3.4,17:39:18,63558,5.728
17:39:19,8.95,0.61,0.77,3.4,17:39:19,63559,5.459499999999999
17:39:20,8.95,0.62,0.77,3.41,17:39:20,63560,5.5489999999999995
17:39:21,8.95,0.62,0.77,3.4,17:39:21,63561,5.5489999999999995
17:39:22,8.94,0.6,0.77,3.4,17:39:22,63562,5.364
17:39:23,8.94,0.64,0.77,3.41,17:39:23,63563,5.7216
17:39:24,8.95,0.59,0.77,3.4,17:39:24,63564,5.280499999999999
17:39:25,8.94,0.59,0.77,3.41,17:39:25,63565,5.2745999999999995
17:39:26,8.94,0.62,0.77,3.41,17:39:26,63566,5.5428
17:39:27,8.95,0.6,0.77,3.4,17:39:27,63567,5.369999999999999
17:39:28,8.95,0.59,0.77,3.4,17:39:28,63568,5.280499999999999
17:39:29,8.94,0.59,0.77,3.4,17:39:29,63569,5.2745999999999995
17:39:30,8.94,0.6,0.77,3.4,17:39:30,63570,5.364
17:39:31,8.95,0.6,0.77,3.41,17:39:31,63571,5.369999999999999
17:39:32,8.96,0.59,0.77,3.4,17:39:32,63572,5.2864
17:39:33,8.95,0.59,0.77,3.4,17:39:33,63573,5.280499999999999
17:39:34,8.95,0.6,0.77,3.4,17:39:34,63574,5.369999999999999
17:39:35,8.94,0.61,0.77,3.4,17:39:35,63575,5.453399999999999
17:39:36,8.95,0.59,0.77,3.4,17:39:36,63576,5.280499999999999
17:39:37,8.95,0.58,0.77,3.41,17:39:37,63577,5.190999999999999
17:39:38,8.95,0.58,0.77,3.4,17:39:38,63578,5.190999999999999
17:39:39,8.94,0.61,0.77,3.4,17:39:39,63579,5.453399999999999
17:39:40,8.95,0.6,0.76,3.4,17:39:40,63580,5.369999999999999
17:39:41,8.95,0.59,0.77,3.4,17:39:41,63581,5.280499999999999
17:39:42,8.95,0.59,0.77,3.41,17:39:42,63582,5.280499999999999
17:39:43,8.95,0.58,0.77,3.4,17:39:43,63583,5.190999999999999
17:39:44,8.94,0.59,0.77,3.4,17:39:44,63584,5.2745999999999995
17:39:45,8.94,0.62,0.77,3.41,17:39:45,63585,5.5428
17:39:46,8.95,0.59,0.76,3.4,17:39:46,63586,5.280499999999999
17:39:47,8.94,0.61,0.77,3.41,17:39:47,63587,5.453399999999999
17:39:48,8.95,0.59,0.77,3.4,17:39:48,63588,5.280499999999999
17:39:49,8.94,0.59,0.77,3.4,17:39:49,63589,5.2745999999999995
17:39:50,8.95,0.6,0.77,3.4,17:39:50,63590,5.369999999999999
17:39:51,8.94,0.58,0.77,3.4,17:39:51,63591,5.185199999999999
17:39:52,8.95,0.61,0.77,3.41,17:39:52,63592,5.459499999999999
17:39:53,8.95,0.59,0.77,3.4,17:39:53,63593,5.280499999999999
17:39:54,8.95,0.58,0.77,3.4,17:39:54,63594,5.190999999999999
17:39:55,8.95,0.58,0.77,3.4,17:39:55,63595,5.190999999999999
17:39:56,8.94,0.58,0.77,3.4,17:39:56,63596,5.185199999999999
17:39:57,8.96,0.59,0.77,3.4,17:39:57,63597,5.2864
17:39:58,8.95,0.58,0.77,3.4,17:39:58,63598,5.190999999999999
17:39:59,8.95,0.62,0.77,3.41,17:39:59,63599,5.5489999999999995
17:40:00,8.95,0.58,0.77,3.4,17:40:00,63600,5.190999999999999
17:40:01,8.95,0.58,0.76,3.4,17:40:01,63601,5.190999999999999
17:40:02,8.95,0.62,0.77,3.41,17:40:02,63602,5.5489999999999995
17:40:03,8.95,0.57,0.77,3.4,17:40:03,63603,5.101499999999999
17:40:04,8.95,0.58,0.77,3.41,17:40:04,63604,5.190999999999999
17:40:05,8.94,0.57,0.77,3.4,17:40:05,63605,5.0958
17:40:06,8.94,0.57,0.77,3.4,17:40:06,63606,5.0958
17:40:07,8.96,0.57,0.77,3.4,17:40:07,63607,5.1072
17:40:08,8.94,0.56,0.77,3.4,17:40:08,63608,5.0064
17:40:09,8.94,0.62,0.77,3.41,17:40:09,63609,5.5428
17:40:10,8.95,0.58,0.77,3.4,17:40:10,63610,5.190999999999999
17:40:11,8.95,0.59,0.77,3.41,17:40:11,63611,5.280499999999999
17:40:12,8.95,0.58,0.77,3.4,17:40:12,63612,5.190999999999999
17:40:13,8.95,0.57,0.76,3.4,17:40:13,63613,5.101499999999999
17:40:14,8.94,0.58,0.77,3.4,17:40:14,63614,5.185199999999999
17:40:15,8.95,0.59,0.77,3.4,17:40:15,63615,5.280499999999999
17:40:16,8.95,0.57,0.77,3.4,17:40:16,63616,5.101499999999999
17:40:17,8.95,0.58,0.77,3.4,17:40:17,63617,5.190999999999999
17:40:18,8.95,0.57,0.77,3.4,17:40:18,63618,5.101499999999999
17:40:19,8.94,0.59,0.77,3.4,17:40:19,63619,5.2745999999999995
17:40:20,8.95,0.59,0.77,3.4,17:40:20,63620,5.280499999999999
17:40:21,8.96,0.57,0.77,3.41,17:40:21,63621,5.1072
17:40:22,8.95,0.57,0.77,3.4,17:40:22,63622,5.101499999999999
17:40:23,8.95,0.59,0.77,3.4,17:40:23,63623,5.280499999999999
17:40:24,8.95,0.58,0.77,3.4,17:40:24,63624,5.190999999999999
17:40:25,8.95,0.59,0.77,3.41,17:40:25,63625,5.280499999999999
17:40:26,8.95,0.57,0.77,3.4,17:40:26,63626,5.101499999999999
17:40:27,8.95,0.63,0.77,3.41,17:40:27,63627,5.6385
17:40:28,8.95,0.56,0.77,3.4,17:40:28,63628,5.0120000000000005
17:40:29,8.95,0.57,0.76,3.4,17:40:29,63629,5.101499999999999
17:40:30,8.95,0.61,0.77,3.41,17:40:30,63630,5.459499999999999
17:40:31,8.95,0.56,0.76,3.4,17:40:31,63631,5.0120000000000005
17:40:32,8.95,0.57,0.77,3.4,17:40:32,63632,5.101499999999999
17:40:33,8.95,0.56,0.77,3.4,17:40:33,63633,5.0120000000000005
17:40:34,8.94,0.56,0.77,3.4,17:40:34,63634,5.0064
17:40:35,8.95,0.58,0.77,3.41,17:40:35,63635,5.190999999999999
17:40:36,8.95,0.56,0.76,3.4,17:40:36,63636,5.0120000000000005
17:40:37,8.94,0.56,0.77,3.4,17:40:37,63637,5.0064
17:40:38,8.95,0.56,0.76,3.4,17:40:38,63638,5.0120000000000005
17:40:39,8.95,0.56,0.76,3.4,17:40:39,63639,5.0120000000000005
17:40:40,8.95,0.59,0.77,3.4,17:40:40,63640,5.280499999999999
17:40:41,8.95,0.56,0.77,3.4,17:40:41,63641,5.0120000000000005
17:40:42,8.94,0.59,0.77,3.4,17:40:42,63642,5.2745999999999995
17:40:43,8.94,0.56,0.76,3.4,17:40:43,63643,5.0064
17:40:44,8.95,0.56,0.76,3.4,17:40:44,63644,5.0120000000000005
17:40:45,8.95,0.57,0.77,3.4,17:40:45,63645,5.101499999999999
17:40:46,8.94,0.58,0.77,3.4,17:40:46,63646,5.185199999999999
17:40:47,8.95,0.59,0.77,3.4,17:40:47,63647,5.280499999999999
17:40:48,8.95,0.56,0.77,3.4,17:40:48,63648,5.0120000000000005
17:40:49,8.95,0.56,0.77,3.4,17:40:49,63649,5.0120000000000005
17:40:50,8.96,0.57,0.77,3.4,17:40:50,63650,5.1072
17:40:51,8.95,0.64,0.77,3.41,17:40:51,63651,5.728
17:40:52,8.94,0.58,0.76,3.4,17:40:52,63652,5.185199999999999
17:40:53,8.96,0.56,0.76,3.4,17:40:53,63653,5.017600000000001
17:40:54,8.95,0.59,0.77,3.4,17:40:54,63654,5.280499999999999
17:40:55,8.94,0.56,0.76,3.4,17:40:55,63655,5.0064
17:40:56,8.94,0.56,0.76,3.4,17:40:56,63656,5.0064
17:40:57,8.95,0.58,0.76,3.4,17:40:57,63657,5.190999999999999
17:40:58,8.95,0.57,0.77,3.4,17:40:58,63658,5.101499999999999
17:40:59,8.95,0.58,0.77,3.41,17:40:59,63659,5.190999999999999
17:41:00,8.94,0.56,0.76,3.4,17:41:00,63660,5.0064
17:41:01,8.96,0.56,0.76,3.4,17:41:01,63661,5.017600000000001
17:41:02,8.95,0.6,0.77,3.41,17:41:02,63662,5.369999999999999
17:41:03,8.95,0.57,0.77,3.4,17:41:03,63663,5.101499999999999
17:41:04,8.95,0.59,0.77,3.41,17:41:04,63664,5.280499999999999
17:41:05,8.95,0.56,0.77,3.4,17:41:05,63665,5.0120000000000005
17:41:06,8.95,0.56,0.76,3.4,17:41:06,63666,5.0120000000000005
17:41:07,8.95,0.56,0.76,3.4,17:41:07,63667,5.0120000000000005
17:41:08,8.94,0.56,0.76,3.4,17:41:08,63668,5.0064
17:41:09,8.95,0.56,0.76,3.4,17:41:09,63669,5.0120000000000005
17:41:10,8.95,0.57,0.77,3.4,17:41:10,63670,5.101499999999999
17:41:11,8.95,0.56,0.77,3.4,17:41:11,63671,5.0120000000000005
17:41:12,8.95,0.55,0.76,3.4,17:41:12,63672,4.9225
17:41:13,8.95,0.58,0.77,3.4,17:41:13,63673,5.190999999999999
17:41:14,8.95,0.55,0.76,3.4,17:41:14,63674,4.9225
17:41:15,8.94,0.56,0.77,3.4,17:41:15,63675,5.0064
17:41:16,8.95,0.55,0.77,3.41,17:41:16,63676,4.9225
17:41:17,8.95,0.55,0.76,3.4,17:41:17,63677,4.9225
17:41:18,8.95,0.55,0.76,3.4,17:41:18,63678,4.9225
17:41:19,8.94,0.58,0.76,3.4,17:41:19,63679,5.185199999999999
17:41:20,8.95,0.59,0.77,3.4,17:41:20,63680,5.280499999999999
17:41:21,8.94,0.56,0.76,3.4,17:41:21,63681,5.0064
17:41:22,8.95,0.57,0.77,3.4,17:41:22,63682,5.101499999999999
17:41:23,8.95,0.55,0.77,3.4,17:41:23,63683,4.9225
17:41:24,8.95,0.56,0.77,3.4,17:41:24,63684,5.0120000000000005
17:41:25,8.95,0.58,0.76,3.4,17:41:25,63685,5.190999999999999
17:41:26,8.95,0.61,0.77,3.4,17:41:26,63686,5.459499999999999
17:41:27,8.95,0.57,0.76,3.4,17:41:27,63687,5.101499999999999
17:41:28,8.94,0.55,0.76,3.4,17:41:28,63688,4.917
17:41:29,8.94,0.58,0.77,3.4,17:41:29,63689,5.185199999999999
17:41:30,8.95,0.59,0.77,3.4,17:41:30,63690,5.280499999999999
17:41:31,8.94,0.57,0.77,3.4,17:41:31,63691,5.0958
17:41:32,8.95,0.55,0.77,3.4,17:41:32,63692,4.9225
17:41:33,8.95,0.55,0.77,3.4,17:41:33,63693,4.9225
17:41:34,8.94,0.56,0.77,3.4,17:41:34,63694,5.0064
17:41:35,8.95,0.55,0.76,3.4,17:41:35,63695,4.9225
17:41:36,8.95,0.55,0.76,3.4,17:41:36,63696,4.9225
17:41:37,8.94,0.55,0.76,3.4,17:41:37,63697,4.917
17:41:38,8.95,0.54,0.76,3.4,17:41:38,63698,4.833
17:41:39,8.95,0.56,0.76,3.4,17:41:39,63699,5.0120000000000005
17:41:40,8.95,0.56,0.76,3.4,17:41:40,63700,5.0120000000000005
17:41:41,8.94,0.56,0.76,3.4,17:41:41,63701,5.0064
17:41:42,8.95,0.54,0.77,3.4,17:41:42,63702,4.833
17:41:43,8.94,0.55,0.76,3.4,17:41:43,63703,4.917
17:41:44,8.94,0.56,0.77,3.4,17:41:44,63704,5.0064
17:41:45,8.95,0.59,0.77,3.4,17:41:45,63705,5.280499999999999
17:41:46,8.94,0.55,0.76,3.4,17:41:46,63706,4.917
17:41:47,8.95,0.55,0.76,3.4,17:41:47,63707,4.9225
17:41:48,8.95,0.55,0.76,3.4,17:41:48,63708,4.9225
17:41:49,8.95,0.58,0.77,3.4,17:41:49,63709,5.190999999999999
17:41:50,8.95,0.57,0.77,3.4,17:41:50,63710,5.101499999999999
17:41:51,8.95,0.56,0.76,3.4,17:41:51,63711,5.0120000000000005
17:41:52,8.95,0.58,0.77,3.4,17:41:52,63712,5.190999999999999
17:41:53,8.94,0.54,0.76,3.4,17:41:53,63713,4.8276
17:41:54,8.95,0.55,0.76,3.4,17:41:54,63714,4.9225
17:41:55,8.94,0.54,0.76,3.4,17:41:55,63715,4.8276
17:41:56,8.94,0.54,0.76,3.4,17:41:56,63716,4.8276
17:41:57,8.94,0.54,0.76,3.4,17:41:57,63717,4.8276
17:41:58,8.95,0.54,0.76,3.4,17:41:58,63718,4.833
17:41:59,8.95,0.56,0.77,3.4,17:41:59,63719,5.0120000000000005
17:42:00,8.95,0.54,0.76,3.4,17:42:00,63720,4.833
17:42:01,8.96,0.55,0.77,3.4,17:42:01,63721,4.928000000000001
17:42:02,8.94,0.55,0.76,3.4,17:42:02,63722,4.917
17:42:03,8.95,0.54,0.76,3.4,17:42:03,63723,4.833
17:42:04,8.95,0.54,0.76,3.4,17:42:04,63724,4.833
17:42:05,8.95,0.54,0.76,3.4,17:42:05,63725,4.833
17:42:06,8.95,0.58,0.77,3.4,17:42:06,63726,5.190999999999999
17:42:07,8.95,0.55,0.77,3.4,17:42:07,63727,4.9225
17:42:08,8.95,0.55,0.77,3.4,17:42:08,63728,4.9225
17:42:09,8.94,0.54,0.76,3.4,17:42:09,63729,4.8276
17:42:10,8.94,0.55,0.76,3.4,17:42:10,63730,4.917
17:42:11,8.95,0.59,0.76,3.4,17:42:11,63731,5.280499999999999
17:42:12,8.95,0.54,0.76,3.4,17:42:12,63732,4.833
17:42:13,8.94,0.53,0.76,3.4,17:42:13,63733,4.7382
17:42:14,8.95,0.55,0.76,3.4,17:42:14,63734,4.9225
17:42:15,8.96,0.55,0.76,3.4,17:42:15,63735,4.928000000000001
17:42:16,8.94,0.54,0.76,3.4,17:42:16,63736,4.8276
17:42:17,8.94,0.53,0.76,3.4,17:42:17,63737,4.7382
17:42:18,8.95,0.52,0.76,3.4,17:42:18,63738,4.654
17:42:19,8.94,0.56,0.77,3.4,17:42:19,63739,5.0064
17:42:20,8.95,0.53,0.76,3.4,17:42:20,63740,4.7435
17:42:21,8.94,0.53,0.76,3.4,17:42:21,63741,4.7382
17:42:22,8.95,0.54,0.76,3.4,17:42:22,63742,4.833
17:42:23,8.94,0.55,0.76,3.4,17:42:23,63743,4.917
17:42:24,8.94,0.54,0.76,3.4,17:42:24,63744,4.8276
17:42:25,8.95,0.61,0.77,3.41,17:42:25,63745,5.459499999999999
17:42:26,8.94,0.53,0.77,3.4,17:42:26,63746,4.7382
17:42:27,8.94,0.57,0.77,3.4,17:42:27,63747,5.0958
17:42:28,8.94,0.52,0.77,3.4,17:42:28,63748,4.6488
17:42:29,8.95,0.53,0.76,3.4,17:42:29,63749,4.7435
17:42:30,8.95,0.54,0.76,3.4,17:42:30,63750,4.833
17:42:31,8.95,0.53,0.76,3.4,17:42:31,63751,4.7435
17:42:32,8.94,0.56,0.76,3.4,17:42:32,63752,5.0064
17:42:33,8.95,0.55,0.76,3.4,17:42:33,63753,4.9225
17:42:34,8.95,0.55,0.76,3.4,17:42:34,63754,4.9225
17:42:35,8.94,0.53,0.76,3.4,17:42:35,63755,4.7382
17:42:36,8.94,0.53,0.76,3.4,17:42:36,63756,4.7382
17:42:37,8.95,0.52,0.76,3.4,17:42:37,63757,4.654
17:42:38,8.95,0.55,0.76,3.4,17:42:38,63758,4.9225
17:42:39,8.94,0.61,0.77,3.4,17:42:39,63759,5.453399999999999
17:42:40,8.95,0.53,0.76,3.4,17:42:40,63760,4.7435
17:42:41,8.94,0.53,0.76,3.4,17:42:41,63761,4.7382
17:42:42,8.94,0.53,0.76,3.4,17:42:42,63762,4.7382
17:42:43,8.95,0.53,0.76,3.4,17:42:43,63763,4.7435
17:42:44,8.95,0.52,0.76,3.4,17:42:44,63764,4.654
17:42:45,8.95,0.53,0.77,3.4,17:42:45,63765,4.7435
17:42:46,8.95,0.53,0.76,3.4,17:42:46,63766,4.7435
17:42:47,8.95,0.61,0.76,3.4,17:42:47,63767,5.459499999999999
17:42:48,8.94,0.52,0.76,3.4,17:42:48,63768,4.6488
17:42:49,8.95,0.58,0.77,3.4,17:42:49,63769,5.190999999999999
17:42:50,8.95,0.55,0.76,3.4,17:42:50,63770,4.9225
17:42:51,8.95,0.54,0.76,3.4,17:42:51,63771,4.833
17:42:52,8.95,0.52,0.76,3.4,17:42:52,63772,4.654
17:42:53,8.95,0.56,0.76,3.4,17:42:53,63773,5.0120000000000005
17:42:54,8.95,0.53,0.76,3.4,17:42:54,63774,4.7435
17:42:55,8.94,0.54,0.76,3.4,17:42:55,63775,4.8276
17:42:56,8.95,0.53,0.76,3.4,17:42:56,63776,4.7435
17:42:57,8.94,0.52,0.76,3.4,17:42:57,63777,4.6488
17:42:58,8.94,0.53,0.76,3.4,17:42:58,63778,4.7382
17:42:59,8.95,0.52,0.76,3.4,17:42:59,63779,4.654
17:43:00,8.94,0.54,0.76,3.4,17:43:00,63780,4.8276
17:43:01,8.95,0.55,0.76,3.4,17:43:01,63781,4.9225
17:43:02,8.94,0.52,0.76,3.4,17:43:02,63782,4.6488
17:43:03,8.95,0.52,0.76,3.4,17:43:03,63783,4.654
17:43:04,8.94,0.52,0.76,3.4,17:43:04,63784,4.6488
17:43:05,8.94,0.57,0.77,3.41,17:43:05,63785,5.0958
17:43:06,8.94,0.56,0.77,3.4,17:43:06,63786,5.0064
17:43:07,8.94,0.52,0.76,3.4,17:43:07,63787,4.6488
17:43:08,8.94,0.52,0.76,3.4,17:43:08,63788,4.6488
17:43:09,8.95,0.58,0.77,3.4,17:43:09,63789,5.190999999999999
17:43:10,8.94,0.52,0.76,3.4,17:43:10,63790,4.6488
17:43:11,8.95,0.52,0.76,3.4,17:43:11,63791,4.654
17:43:12,8.95,0.53,0.76,3.4,17:43:12,63792,4.7435
17:43:13,8.94,0.53,0.76,3.4,17:43:13,63793,4.7382
17:43:14,8.95,0.52,0.76,3.4,17:43:14,63794,4.654
17:43:15,8.96,0.54,0.76,3.39,17:43:15,63795,4.838400000000001
17:43:16,8.95,0.52,0.76,3.4,17:43:16,63796,4.654
17:43:17,8.94,0.52,0.76,3.4,17:43:17,63797,4.6488
17:43:18,8.94,0.55,0.77,3.4,17:43:18,63798,4.917
17:43:19,8.94,0.52,0.76,3.4,17:43:19,63799,4.6488
17:43:20,8.96,0.54,0.76,3.4,17:43:20,63800,4.838400000000001
17:43:21,8.96,0.53,0.76,3.4,17:43:21,63801,4.748800000000001
17:43:22,8.95,0.52,0.76,3.4,17:43:22,63802,4.654
17:43:23,8.95,0.52,0.76,3.4,17:43:23,63803,4.654
17:43:24,8.95,0.52,0.76,3.4,17:43:24,63804,4.654
17:43:25,8.95,0.6,0.77,3.4,17:43:25,63805,5.369999999999999
17:43:26,8.94,0.58,0.76,3.4,17:43:26,63806,5.185199999999999
17:43:27,8.95,0.52,0.76,3.4,17:43:27,63807,4.654
17:43:28,8.95,0.53,0.76,3.39,17:43:28,63808,4.7435
17:43:29,8.95,0.52,0.76,3.4,17:43:29,63809,4.654
17:43:30,8.95,0.51,0.76,3.4,17:43:30,63810,4.5645
17:43:31,8.95,0.53,0.76,3.4,17:43:31,63811,4.7435
17:43:32,8.95,0.54,0.76,3.4,17:43:32,63812,4.833
17:43:33,8.94,0.52,0.76,3.4,17:43:33,63813,4.6488
17:43:34,8.95,0.53,0.76,3.4,17:43:34,63814,4.7435
17:43:35,8.95,0.52,0.76,3.4,17:43:35,63815,4.654
17:43:36,8.95,0.52,0.76,3.4,17:43:36,63816,4.654
17:43:37,8.94,0.52,0.76,3.4,17:43:37,63817,4.6488
17:43:38,8.94,0.52,0.76,3.4,17:43:38,63818,4.6488
17:43:39,8.94,0.51,0.76,3.4,17:43:39,63819,4.5594
17:43:40,8.96,0.56,0.76,3.4,17:43:40,63820,5.017600000000001
17:43:41,8.96,0.54,0.76,3.4,17:43:41,63821,4.838400000000001
17:43:42,8.94,0.53,0.76,3.4,17:43:42,63822,4.7382
17:43:43,8.96,0.51,0.76,3.4,17:43:43,63823,4.5696
17:43:44,8.95,0.55,0.76,3.4,17:43:44,63824,4.9225
17:43:45,8.95,0.53,0.76,3.4,17:43:45,63825,4.7435
17:43:46,8.95,0.51,0.76,3.4,17:43:46,63826,4.5645
17:43:47,8.95,0.57,0.76,3.4,17:43:47,63827,5.101499999999999
17:43:48,8.95,0.51,0.76,3.4,17:43:48,63828,4.5645
17:43:49,8.94,0.51,0.76,3.4,17:43:49,63829,4.5594
17:43:50,8.95,0.56,0.76,3.4,17:43:50,63830,5.0120000000000005
17:43:51,8.95,0.52,0.76,3.4,17:43:51,63831,4.654
17:43:52,8.95,0.5,0.76,3.39,17:43:52,63832,4.475
17:43:53,8.95,0.52,0.76,3.4,17:43:53,63833,4.654
17:43:54,8.95,0.54,0.76,3.4,17:43:54,63834,4.833
17:43:55,8.95,0.52,0.76,3.4,17:43:55,63835,4.654
17:43:56,8.94,0.51,0.76,3.4,17:43:56,63836,4.5594
17:43:57,8.94,0.51,0.76,3.4,17:43:57,63837,4.5594
17:43:58,8.94,0.51,0.76,3.4,17:43:58,63838,4.5594
17:43:59,8.95,0.55,0.76,3.4,17:43:59,63839,4.9225
17:44:00,8.95,0.56,0.77,3.4,17:44:00,63840,5.0120000000000005
17:44:01,8.94,0.53,0.76,3.4,17:44:01,63841,4.7382
17:44:02,8.94,0.51,0.76,3.4,17:44:02,63842,4.5594
17:44:03,8.95,0.51,0.76,3.4,17:44:03,63843,4.5645
17:44:04,8.95,0.52,0.76,3.4,17:44:04,63844,4.654
