时间,电压(V),电流(A),D+(V),D-(V),时间文本,总功耗(W)
1900-01-01 16:23:00,5.11,0.96,0.11,0.84,16:23:00,4.9056
1900-01-01 16:23:01,5.12,0.96,0.11,0.84,16:23:01,4.9152
1900-01-01 16:23:02,5.12,0.2,0.09,0.76,16:23:02,1.024
1900-01-01 16:23:03,5.12,0.2,0.09,0.76,16:23:03,1.024
1900-01-01 16:23:04,5.12,0.2,0.09,0.76,16:23:04,1.024
1900-01-01 16:23:05,5.1,0.35,0.1,0.81,16:23:05,1.7849999999999997
1900-01-01 16:23:06,5.1,0.35,0.1,0.81,16:23:06,1.7849999999999997
1900-01-01 16:23:07,5.12,0.97,0.11,0.84,16:23:07,4.9664
1900-01-01 16:23:08,5.11,0.96,0.11,0.84,16:23:08,4.9056
1900-01-01 16:23:09,5.11,0.96,0.11,0.84,16:23:09,4.9056
1900-01-01 16:23:10,5.11,0.96,0.11,0.84,16:23:10,4.9056
1900-01-01 16:23:11,5.13,0.96,0.11,0.84,16:23:11,4.924799999999999
1900-01-01 16:23:12,5.13,0.96,0.11,0.84,16:23:12,4.924799999999999
1900-01-01 16:23:13,5.11,0.97,0.11,0.84,16:23:13,4.9567000000000005
1900-01-01 16:23:14,5.11,0.97,0.11,0.84,16:23:14,4.9567000000000005
1900-01-01 16:23:15,5.12,0.96,0.11,0.84,16:23:15,4.9152
1900-01-01 16:23:16,5.1,0.97,0.11,0.84,16:23:16,4.946999999999999
1900-01-01 16:23:17,5.1,0.97,0.11,0.84,16:23:17,4.946999999999999
1900-01-01 16:23:18,5.11,0.96,0.11,0.84,16:23:18,4.9056
1900-01-01 16:23:19,5.11,0.96,0.11,0.84,16:23:19,4.9056
1900-01-01 16:23:20,5.11,0.96,0.11,0.84,16:23:20,4.9056
1900-01-01 16:23:21,5.12,0.96,0.11,0.84,16:23:21,4.9152
1900-01-01 16:23:22,5.11,0.96,0.11,0.84,16:23:22,4.9056
1900-01-01 16:23:23,5.11,0.96,0.11,0.84,16:23:23,4.9056
1900-01-01 16:23:24,5.12,0.96,0.11,0.84,16:23:24,4.9152
1900-01-01 16:23:25,5.11,0.96,0.11,0.84,16:23:25,4.9056
1900-01-01 16:23:26,5.11,0.96,0.11,0.84,16:23:26,4.9056
1900-01-01 16:23:27,5.12,0.97,0.11,0.84,16:23:27,4.9664
1900-01-01 16:23:28,5.12,0.97,0.11,0.84,16:23:28,4.9664
1900-01-01 16:23:29,5.12,0.96,0.11,0.84,16:23:29,4.9152
1900-01-01 16:23:30,5.12,0.96,0.11,0.84,16:23:30,4.9152
1900-01-01 16:23:31,5.12,0.96,0.11,0.84,16:23:31,4.9152
1900-01-01 16:23:32,5.12,0.96,0.11,0.84,16:23:32,4.9152
1900-01-01 16:23:33,5.13,0.96,0.11,0.84,16:23:33,4.924799999999999
1900-01-01 16:23:34,5.13,0.96,0.11,0.84,16:23:34,4.924799999999999
1900-01-01 16:23:35,5.12,0.96,0.11,0.84,16:23:35,4.9152
1900-01-01 16:23:36,5.12,0.96,0.11,0.84,16:23:36,4.9152
1900-01-01 16:23:37,5.12,0.96,0.11,0.84,16:23:37,4.9152
1900-01-01 16:23:38,5.13,0.97,0.11,0.84,16:23:38,4.9761
1900-01-01 16:23:39,5.11,0.96,0.11,0.84,16:23:39,4.9056
1900-01-01 16:23:40,5.11,0.96,0.11,0.84,16:23:40,4.9056
1900-01-01 16:23:41,5.11,0.96,0.11,0.84,16:23:41,4.9056
1900-01-01 16:23:42,5.11,0.96,0.11,0.84,16:23:42,4.9056
1900-01-01 16:23:43,5.11,0.96,0.11,0.84,16:23:43,4.9056
1900-01-01 16:23:44,5.12,0.96,0.11,0.84,16:23:44,4.9152
1900-01-01 16:23:45,5.12,0.96,0.11,0.84,16:23:45,4.9152
1900-01-01 16:23:46,5.12,0.96,0.11,0.84,16:23:46,4.9152
1900-01-01 16:23:47,5.11,0.96,0.11,0.84,16:23:47,4.9056
1900-01-01 16:23:48,5.12,0.96,0.11,0.84,16:23:48,4.9152
1900-01-01 16:23:49,5.12,0.96,0.11,0.84,16:23:49,4.9152
1900-01-01 16:23:50,5.12,0.96,0.11,0.84,16:23:50,4.9152
1900-01-01 16:23:51,5.12,0.27,0.09,0.77,16:23:51,1.3824
1900-01-01 16:23:52,5.12,0.26,0.09,0.77,16:23:52,1.3312000000000002
1900-01-01 16:23:53,5.12,0.25,0.09,0.77,16:23:53,1.28
1900-01-01 16:23:54,5.13,0.27,0.09,0.77,16:23:54,1.3851
1900-01-01 16:23:55,5.11,0.28,0.09,0.77,16:23:55,1.4308000000000003
1900-01-01 16:23:56,5.12,0.28,0.09,0.77,16:23:56,1.4336000000000002
1900-01-01 16:23:57,5.12,0.52,0.09,0.8,16:23:57,2.6624000000000003
1900-01-01 16:23:58,5.12,0.67,0.1,0.82,16:23:58,3.4304
1900-01-01 16:23:59,5.12,0.66,0.1,0.81,16:23:59,3.3792000000000004
1900-01-01 16:24:00,5.11,0.7,0.1,0.82,16:24:00,3.577
1900-01-01 16:24:01,5.11,0.96,0.11,0.84,16:24:01,4.9056
1900-01-01 16:24:02,5.12,0.97,0.11,0.84,16:24:02,4.9664
1900-01-01 16:24:03,5.12,0.96,0.11,0.84,16:24:03,4.9152
1900-01-01 16:24:04,5.12,0.96,0.11,0.84,16:24:04,4.9152
1900-01-01 16:24:05,5.13,0.96,0.12,0.84,16:24:05,4.924799999999999
1900-01-01 16:24:06,5.12,0.0,0.09,0.7,16:24:06,0.0
1900-01-01 16:24:07,5.12,0.27,0.09,0.77,16:24:07,1.3824
1900-01-01 16:24:08,5.12,0.3,0.09,0.78,16:24:08,1.536
1900-01-01 16:24:09,5.12,0.21,0.09,0.76,16:24:09,1.0752
1900-01-01 16:24:10,5.13,0.33,0.09,0.78,16:24:10,1.6929
1900-01-01 16:24:11,5.11,0.27,0.09,0.78,16:24:11,1.3797000000000001
1900-01-01 16:24:12,5.13,0.27,0.09,0.77,16:24:12,1.3851
1900-01-01 16:24:13,5.13,0.56,0.1,0.79,16:24:13,2.8728000000000002
1900-01-01 16:24:14,5.13,0.62,0.1,0.81,16:24:14,3.1806
1900-01-01 16:24:15,5.12,0.68,0.1,0.81,16:24:15,3.4816000000000003
1900-01-01 16:24:16,5.11,0.72,0.1,0.82,16:24:16,3.6792000000000002
1900-01-01 16:24:17,5.11,0.97,0.11,0.84,16:24:17,4.9567000000000005
1900-01-01 16:24:18,5.11,0.96,0.11,0.84,16:24:18,4.9056
1900-01-01 16:24:19,5.13,0.97,0.11,0.84,16:24:19,4.9761
1900-01-01 16:24:20,5.12,0.97,0.11,0.84,16:24:20,4.9664
1900-01-01 16:24:21,5.1,0.97,0.11,0.84,16:24:21,4.946999999999999
1900-01-01 16:24:22,5.12,0.28,0.09,0.77,16:24:22,1.4336000000000002
1900-01-01 16:24:23,5.12,0.26,0.1,0.77,16:24:23,1.3312000000000002
1900-01-01 16:24:24,5.11,0.38,0.1,0.78,16:24:24,1.9418000000000002
1900-01-01 16:24:25,5.12,0.21,0.09,0.76,16:24:25,1.0752
1900-01-01 16:24:26,5.12,0.35,0.09,0.77,16:24:26,1.7919999999999998
1900-01-01 16:24:27,5.13,0.28,0.09,0.77,16:24:27,1.4364000000000001
1900-01-01 16:24:28,5.12,0.5,0.1,0.79,16:24:28,2.56
1900-01-01 16:24:29,5.1,0.5,0.1,0.79,16:24:29,2.55
1900-01-01 16:24:30,5.12,0.65,0.1,0.81,16:24:30,3.3280000000000003
1900-01-01 16:24:31,5.12,0.7,0.1,0.82,16:24:31,3.5839999999999996
1900-01-01 16:24:32,5.13,0.96,0.11,0.84,16:24:32,4.924799999999999
1900-01-01 16:24:33,5.11,0.96,0.11,0.84,16:24:33,4.9056
1900-01-01 16:24:34,5.12,0.96,0.11,0.84,16:24:34,4.9152
1900-01-01 16:24:35,5.12,0.96,0.11,0.84,16:24:35,4.9152
1900-01-01 16:24:36,5.11,0.96,0.11,0.84,16:24:36,4.9056
1900-01-01 16:24:37,5.11,0.0,0.09,0.7,16:24:37,0.0
1900-01-01 16:24:38,5.11,0.27,0.09,0.77,16:24:38,1.3797000000000001
1900-01-01 16:24:39,5.12,0.25,0.09,0.77,16:24:39,1.28
1900-01-01 16:24:40,5.11,0.22,0.1,0.76,16:24:40,1.1242
1900-01-01 16:24:41,5.12,0.32,0.09,0.76,16:24:41,1.6384
1900-01-01 16:24:42,5.12,0.41,0.09,0.77,16:24:42,2.0991999999999997
1900-01-01 16:24:43,5.13,0.37,0.09,0.77,16:24:43,1.8981
1900-01-01 16:24:44,5.11,0.43,0.09,0.78,16:24:44,2.1973000000000003
1900-01-01 16:24:45,5.12,0.49,0.09,0.78,16:24:45,2.5088
1900-01-01 16:24:46,5.11,0.73,0.1,0.77,16:24:46,3.7303
1900-01-01 16:24:47,5.11,0.96,0.11,0.79,16:24:47,4.9056
1900-01-01 16:24:48,5.11,0.96,0.12,0.79,16:24:48,4.9056
1900-01-01 16:24:49,5.12,0.99,0.12,0.8,16:24:49,5.0688
1900-01-01 16:24:50,5.12,0.96,0.12,0.79,16:24:50,4.9152
1900-01-01 16:24:51,5.12,0.96,0.12,0.79,16:24:51,4.9152
1900-01-01 16:24:52,5.11,0.0,0.11,0.7,16:24:52,0.0
1900-01-01 16:24:53,5.12,0.0,0.09,0.71,16:24:53,0.0
1900-01-01 16:24:54,5.12,0.96,0.13,0.8,16:24:54,4.9152
1900-01-01 16:24:55,5.1,1.9,0.27,0.27,16:24:55,9.69
1900-01-01 16:24:56,5.11,1.86,0.26,0.26,16:24:56,9.504600000000002
1900-01-01 16:24:57,5.09,1.11,0.26,0.22,16:24:57,5.649900000000001
1900-01-01 16:24:58,5.13,1.22,0.19,0.21,16:24:58,6.2585999999999995
1900-01-01 16:24:59,5.13,1.82,0.26,0.26,16:24:59,9.3366
1900-01-01 16:25:00,5.12,1.81,0.26,0.26,16:25:00,9.2672
1900-01-01 16:25:01,5.12,1.63,0.24,0.26,16:25:01,8.3456
1900-01-01 16:25:02,5.11,1.76,0.26,0.26,16:25:02,8.9936
1900-01-01 16:25:03,5.12,1.76,0.25,0.26,16:25:03,9.0112
1900-01-01 16:25:04,5.11,1.76,0.25,0.25,16:25:04,8.9936
1900-01-01 16:25:05,5.12,1.76,0.26,0.26,16:25:05,9.0112
1900-01-01 16:25:06,5.12,1.77,0.25,0.26,16:25:06,9.0624
1900-01-01 16:25:07,5.12,1.76,0.26,0.26,16:25:07,9.0112
1900-01-01 16:25:08,5.11,1.73,0.26,0.26,16:25:08,8.840300000000001
1900-01-01 16:25:09,5.11,1.76,0.25,0.26,16:25:09,8.9936
1900-01-01 16:25:10,5.11,1.76,0.26,0.26,16:25:10,8.9936
1900-01-01 16:25:11,5.13,1.76,0.25,0.26,16:25:11,9.0288
1900-01-01 16:25:12,5.11,1.61,0.26,0.26,16:25:12,8.227100000000002
1900-01-01 16:25:13,5.12,1.76,0.26,0.25,16:25:13,9.0112
1900-01-01 16:25:14,5.13,1.7,0.26,0.26,16:25:14,8.721
1900-01-01 16:25:15,5.13,0.83,0.18,0.15,16:25:15,4.257899999999999
1900-01-01 16:25:16,5.12,0.0,0.08,0.09,16:25:16,0.0
1900-01-01 16:25:17,5.12,0.85,0.16,0.16,16:25:17,4.352
1900-01-01 16:25:18,5.11,0.55,0.15,0.15,16:25:18,2.8105
1900-01-01 16:25:19,5.12,1.72,0.25,0.26,16:25:19,8.8064
1900-01-01 16:25:20,5.12,1.71,0.25,0.26,16:25:20,8.7552
1900-01-01 16:25:21,5.11,1.72,0.25,0.26,16:25:21,8.789200000000001
1900-01-01 16:25:22,5.12,1.72,0.25,0.25,16:25:22,8.8064
1900-01-01 16:25:23,5.12,1.71,0.25,0.25,16:25:23,8.7552
1900-01-01 16:25:24,5.13,1.72,0.25,0.25,16:25:24,8.823599999999999
1900-01-01 16:25:25,5.11,1.72,0.25,0.25,16:25:25,8.789200000000001
1900-01-01 16:25:26,5.12,1.71,0.25,0.25,16:25:26,8.7552
1900-01-01 16:25:27,5.11,1.72,0.25,0.26,16:25:27,8.789200000000001
1900-01-01 16:25:28,5.13,1.72,0.25,0.26,16:25:28,8.823599999999999
1900-01-01 16:25:29,5.12,1.71,0.25,0.25,16:25:29,8.7552
1900-01-01 16:25:30,5.11,1.72,0.25,0.26,16:25:30,8.789200000000001
1900-01-01 16:25:31,5.11,1.72,0.25,0.25,16:25:31,8.789200000000001
1900-01-01 16:25:32,5.12,1.72,0.25,0.26,16:25:32,8.8064
1900-01-01 16:25:33,5.11,1.71,0.25,0.25,16:25:33,8.738100000000001
1900-01-01 16:25:34,5.12,1.72,0.25,0.25,16:25:34,8.8064
1900-01-01 16:25:35,5.12,1.72,0.25,0.25,16:25:35,8.8064
1900-01-01 16:25:36,5.12,1.72,0.25,0.25,16:25:36,8.8064
1900-01-01 16:25:37,5.11,1.72,0.86,0.86,16:25:37,8.789200000000001
1900-01-01 16:25:38,5.13,1.71,0.91,0.91,16:25:38,8.7723
1900-01-01 16:25:39,4.95,1.71,3.33,0.91,16:25:39,8.4645
1900-01-01 16:25:40,4.95,1.71,3.33,0.91,16:25:40,8.4645
1900-01-01 16:25:41,4.95,1.71,3.33,0.92,16:25:41,8.4645
1900-01-01 16:25:42,4.96,1.71,3.33,0.91,16:25:42,8.4816
1900-01-01 16:25:43,4.95,1.71,0.16,0.91,16:25:43,8.4645
1900-01-01 16:25:44,8.93,1.15,0.82,3.46,16:25:44,10.269499999999999
1900-01-01 16:25:45,8.95,1.91,0.89,3.53,16:25:45,17.094499999999996
1900-01-01 16:25:46,8.94,1.91,0.9,3.53,16:25:46,17.0754
1900-01-01 16:25:47,8.95,1.91,0.89,3.54,16:25:47,17.094499999999996
1900-01-01 16:25:48,8.93,1.91,0.89,3.53,16:25:48,17.0563
1900-01-01 16:25:49,8.94,1.91,0.88,3.53,16:25:49,17.0754
1900-01-01 16:25:50,8.93,1.91,0.89,3.53,16:25:50,17.0563
1900-01-01 16:25:51,8.94,1.92,0.9,3.52,16:25:51,17.1648
1900-01-01 16:25:52,8.94,1.91,0.89,3.54,16:25:52,17.0754
1900-01-01 16:25:53,8.94,1.91,0.9,3.52,16:25:53,17.0754
1900-01-01 16:25:54,8.95,1.91,0.89,3.53,16:25:54,17.094499999999996
1900-01-01 16:25:55,8.95,1.91,0.89,3.53,16:25:55,17.094499999999996
1900-01-01 16:25:56,8.94,1.91,0.88,3.52,16:25:56,17.0754
1900-01-01 16:25:57,8.94,1.91,0.89,3.52,16:25:57,17.0754
1900-01-01 16:25:58,8.94,1.91,0.88,3.52,16:25:58,17.0754
1900-01-01 16:25:59,8.94,1.92,0.89,3.52,16:25:59,17.1648
1900-01-01 16:26:00,8.94,1.91,0.89,3.53,16:26:00,17.0754
1900-01-01 16:26:01,8.93,1.92,0.89,3.53,16:26:01,17.145599999999998
1900-01-01 16:26:02,8.94,1.91,0.89,3.52,16:26:02,17.0754
1900-01-01 16:26:03,8.94,1.91,0.9,3.54,16:26:03,17.0754
1900-01-01 16:26:04,8.94,1.91,0.89,3.53,16:26:04,17.0754
1900-01-01 16:26:05,8.94,1.91,0.89,3.52,16:26:05,17.0754
1900-01-01 16:26:06,8.93,1.91,0.89,3.53,16:26:06,17.0563
1900-01-01 16:26:07,8.95,1.92,0.89,3.53,16:26:07,17.183999999999997
1900-01-01 16:26:08,8.94,1.92,0.89,3.53,16:26:08,17.1648
1900-01-01 16:26:09,8.93,1.91,0.89,3.53,16:26:09,17.0563
1900-01-01 16:26:10,8.95,1.91,0.89,3.52,16:26:10,17.094499999999996
1900-01-01 16:26:11,8.95,1.91,0.9,3.52,16:26:11,17.094499999999996
1900-01-01 16:26:12,8.94,1.91,0.89,3.54,16:26:12,17.0754
1900-01-01 16:26:13,8.94,1.91,0.89,3.52,16:26:13,17.0754
1900-01-01 16:26:14,8.94,1.92,0.89,3.54,16:26:14,17.1648
1900-01-01 16:26:15,8.94,1.92,0.89,3.52,16:26:15,17.1648
1900-01-01 16:26:16,8.93,1.91,0.89,3.53,16:26:16,17.0563
1900-01-01 16:26:17,8.94,1.91,0.89,3.53,16:26:17,17.0754
1900-01-01 16:26:18,8.94,1.91,0.89,3.53,16:26:18,17.0754
1900-01-01 16:26:19,8.94,1.91,0.89,3.53,16:26:19,17.0754
1900-01-01 16:26:20,8.94,1.91,0.89,3.53,16:26:20,17.0754
1900-01-01 16:26:21,8.93,1.92,0.9,3.54,16:26:21,17.145599999999998
1900-01-01 16:26:22,8.94,1.91,0.89,3.53,16:26:22,17.0754
1900-01-01 16:26:23,8.94,1.92,0.9,3.54,16:26:23,17.1648
1900-01-01 16:26:24,8.95,1.91,0.89,3.53,16:26:24,17.094499999999996
1900-01-01 16:26:25,8.94,1.91,0.89,3.53,16:26:25,17.0754
1900-01-01 16:26:26,8.93,1.91,0.89,3.54,16:26:26,17.0563
1900-01-01 16:26:27,8.95,1.91,0.89,3.54,16:26:27,17.094499999999996
1900-01-01 16:26:28,8.95,1.91,0.9,3.54,16:26:28,17.094499999999996
1900-01-01 16:26:29,8.94,1.91,0.89,3.52,16:26:29,17.0754
1900-01-01 16:26:30,8.94,1.92,0.88,3.52,16:26:30,17.1648
1900-01-01 16:26:31,8.94,1.91,0.89,3.52,16:26:31,17.0754
1900-01-01 16:26:32,8.94,1.91,0.89,3.53,16:26:32,17.0754
1900-01-01 16:26:33,8.94,1.91,0.89,3.53,16:26:33,17.0754
1900-01-01 16:26:34,8.94,1.92,0.9,3.54,16:26:34,17.1648
1900-01-01 16:26:35,8.93,1.91,0.89,3.53,16:26:35,17.0563
1900-01-01 16:26:36,8.94,1.91,0.89,3.53,16:26:36,17.0754
1900-01-01 16:26:37,8.94,1.91,0.88,3.52,16:26:37,17.0754
1900-01-01 16:26:38,8.95,1.91,0.89,3.54,16:26:38,17.094499999999996
1900-01-01 16:26:39,8.94,1.92,0.89,3.54,16:26:39,17.1648
1900-01-01 16:26:40,8.95,1.92,0.89,3.53,16:26:40,17.183999999999997
1900-01-01 16:26:41,8.94,1.91,0.89,3.52,16:26:41,17.0754
1900-01-01 16:26:42,8.94,1.91,0.89,3.53,16:26:42,17.0754
1900-01-01 16:26:43,8.95,1.91,0.9,3.54,16:26:43,17.094499999999996
1900-01-01 16:26:44,8.94,1.91,0.89,3.53,16:26:44,17.0754
1900-01-01 16:26:45,8.94,1.91,0.89,3.54,16:26:45,17.0754
1900-01-01 16:26:46,8.94,1.91,0.89,3.52,16:26:46,17.0754
1900-01-01 16:26:47,8.95,1.92,0.89,3.53,16:26:47,17.183999999999997
1900-01-01 16:26:48,8.94,1.92,0.9,3.54,16:26:48,17.1648
1900-01-01 16:26:49,8.93,1.91,0.88,3.52,16:26:49,17.0563
1900-01-01 16:26:50,8.95,1.92,0.89,3.53,16:26:50,17.183999999999997
1900-01-01 16:26:51,8.95,1.91,0.89,3.53,16:26:51,17.094499999999996
1900-01-01 16:26:52,8.94,1.91,0.89,3.52,16:26:52,17.0754
1900-01-01 16:26:53,8.94,1.91,0.89,3.53,16:26:53,17.0754
1900-01-01 16:26:54,8.94,1.91,0.89,3.53,16:26:54,17.0754
1900-01-01 16:26:55,8.94,1.91,0.88,3.52,16:26:55,17.0754
1900-01-01 16:26:56,8.93,1.91,0.89,3.53,16:26:56,17.0563
1900-01-01 16:26:57,8.93,1.91,0.9,3.53,16:26:57,17.0563
1900-01-01 16:26:58,8.93,1.91,0.9,3.54,16:26:58,17.0563
1900-01-01 16:26:59,8.94,1.92,0.9,3.54,16:26:59,17.1648
1900-01-01 16:27:00,8.95,1.92,0.89,3.54,16:27:00,17.183999999999997
1900-01-01 16:27:01,8.94,1.91,0.89,3.53,16:27:01,17.0754
1900-01-01 16:27:02,8.95,1.92,0.9,3.54,16:27:02,17.183999999999997
1900-01-01 16:27:03,8.95,1.91,0.89,3.53,16:27:03,17.094499999999996
1900-01-01 16:27:04,8.94,1.92,0.89,3.54,16:27:04,17.1648
1900-01-01 16:27:05,8.95,1.91,0.89,3.53,16:27:05,17.094499999999996
1900-01-01 16:27:06,8.95,1.92,0.9,3.54,16:27:06,17.183999999999997
1900-01-01 16:27:07,8.94,1.91,0.89,3.53,16:27:07,17.0754
1900-01-01 16:27:08,8.95,1.92,0.89,3.53,16:27:08,17.183999999999997
1900-01-01 16:27:09,8.95,1.91,0.89,3.52,16:27:09,17.094499999999996
1900-01-01 16:27:10,8.94,1.91,0.89,3.53,16:27:10,17.0754
1900-01-01 16:27:11,8.94,1.91,0.89,3.53,16:27:11,17.0754
1900-01-01 16:27:12,8.94,1.92,0.89,3.53,16:27:12,17.1648
1900-01-01 16:27:13,8.93,1.91,0.9,3.53,16:27:13,17.0563
1900-01-01 16:27:14,8.95,1.92,0.89,3.53,16:27:14,17.183999999999997
1900-01-01 16:27:15,8.94,1.92,0.89,3.52,16:27:15,17.1648
1900-01-01 16:27:16,8.94,1.92,0.89,3.54,16:27:16,17.1648
1900-01-01 16:27:17,8.93,1.92,0.89,3.52,16:27:17,17.145599999999998
1900-01-01 16:27:18,8.94,1.92,0.89,3.54,16:27:18,17.1648
1900-01-01 16:27:19,8.95,1.92,0.89,3.53,16:27:19,17.183999999999997
1900-01-01 16:27:20,8.94,1.92,0.9,3.53,16:27:20,17.1648
1900-01-01 16:27:21,8.94,1.91,0.89,3.53,16:27:21,17.0754
1900-01-01 16:27:22,8.95,1.91,0.89,3.53,16:27:22,17.094499999999996
1900-01-01 16:27:23,8.94,1.92,0.89,3.53,16:27:23,17.1648
1900-01-01 16:27:24,8.94,1.92,0.89,3.53,16:27:24,17.1648
1900-01-01 16:27:25,8.93,1.92,0.89,3.54,16:27:25,17.145599999999998
1900-01-01 16:27:26,8.93,1.92,0.89,3.52,16:27:26,17.145599999999998
1900-01-01 16:27:27,8.94,1.92,0.89,3.52,16:27:27,17.1648
1900-01-01 16:27:28,8.94,1.91,0.89,3.53,16:27:28,17.0754
1900-01-01 16:27:29,8.94,1.91,0.89,3.54,16:27:29,17.0754
1900-01-01 16:27:30,8.93,1.91,0.89,3.53,16:27:30,17.0563
1900-01-01 16:27:31,8.94,1.91,0.89,3.52,16:27:31,17.0754
1900-01-01 16:27:32,8.94,1.91,0.89,3.53,16:27:32,17.0754
1900-01-01 16:27:33,8.94,1.92,0.89,3.53,16:27:33,17.1648
1900-01-01 16:27:34,8.94,1.91,0.89,3.53,16:27:34,17.0754
1900-01-01 16:27:35,8.94,1.91,0.89,3.52,16:27:35,17.0754
1900-01-01 16:27:36,8.95,1.92,0.89,3.54,16:27:36,17.183999999999997
1900-01-01 16:27:37,8.93,1.91,0.89,3.53,16:27:37,17.0563
1900-01-01 16:27:38,8.94,1.92,0.9,3.54,16:27:38,17.1648
1900-01-01 16:27:39,8.94,1.91,0.89,3.53,16:27:39,17.0754
1900-01-01 16:27:40,8.94,1.91,0.89,3.53,16:27:40,17.0754
1900-01-01 16:27:41,8.93,1.91,0.89,3.53,16:27:41,17.0563
1900-01-01 16:27:42,8.95,1.92,0.9,3.53,16:27:42,17.183999999999997
1900-01-01 16:27:43,8.94,1.91,0.89,3.53,16:27:43,17.0754
1900-01-01 16:27:44,8.95,1.92,0.89,3.54,16:27:44,17.183999999999997
1900-01-01 16:27:45,8.95,1.91,0.9,3.54,16:27:45,17.094499999999996
1900-01-01 16:27:46,8.93,1.92,0.89,3.53,16:27:46,17.145599999999998
1900-01-01 16:27:47,8.94,1.92,0.89,3.53,16:27:47,17.1648
1900-01-01 16:27:48,8.95,1.92,0.89,3.53,16:27:48,17.183999999999997
1900-01-01 16:27:49,8.96,1.91,0.89,3.53,16:27:49,17.1136
1900-01-01 16:27:50,8.95,1.91,0.89,3.53,16:27:50,17.094499999999996
1900-01-01 16:27:51,8.94,1.91,0.89,3.52,16:27:51,17.0754
1900-01-01 16:27:52,8.94,1.91,0.89,3.52,16:27:52,17.0754
1900-01-01 16:27:53,8.94,1.92,0.89,3.53,16:27:53,17.1648
1900-01-01 16:27:54,8.94,1.92,0.89,3.53,16:27:54,17.1648
1900-01-01 16:27:55,8.94,1.91,0.89,3.53,16:27:55,17.0754
1900-01-01 16:27:56,8.93,1.92,0.89,3.53,16:27:56,17.145599999999998
1900-01-01 16:27:57,8.93,1.91,0.9,3.53,16:27:57,17.0563
1900-01-01 16:27:58,8.94,1.92,0.89,3.53,16:27:58,17.1648
1900-01-01 16:27:59,8.94,1.92,0.88,3.53,16:27:59,17.1648
1900-01-01 16:28:00,8.95,1.91,0.89,3.53,16:28:00,17.094499999999996
1900-01-01 16:28:01,8.94,1.92,0.89,3.53,16:28:01,17.1648
1900-01-01 16:28:02,8.95,1.91,0.89,3.53,16:28:02,17.094499999999996
1900-01-01 16:28:03,8.94,1.91,0.89,3.53,16:28:03,17.0754
1900-01-01 16:28:04,8.94,1.91,0.89,3.52,16:28:04,17.0754
1900-01-01 16:28:05,8.95,1.91,0.89,3.54,16:28:05,17.094499999999996
1900-01-01 16:28:06,8.94,1.92,0.89,3.53,16:28:06,17.1648
1900-01-01 16:28:07,8.94,1.91,0.89,3.53,16:28:07,17.0754
1900-01-01 16:28:08,8.94,1.91,0.89,3.52,16:28:08,17.0754
1900-01-01 16:28:09,8.94,1.92,0.89,3.53,16:28:09,17.1648
1900-01-01 16:28:10,8.95,1.91,0.9,3.53,16:28:10,17.094499999999996
1900-01-01 16:28:11,8.94,1.91,0.89,3.53,16:28:11,17.0754
1900-01-01 16:28:12,8.94,1.92,0.89,3.53,16:28:12,17.1648
1900-01-01 16:28:13,8.95,1.91,0.9,3.54,16:28:13,17.094499999999996
1900-01-01 16:28:14,8.93,1.92,0.89,3.53,16:28:14,17.145599999999998
1900-01-01 16:28:15,8.94,1.91,0.9,3.54,16:28:15,17.0754
1900-01-01 16:28:16,8.94,1.92,0.89,3.52,16:28:16,17.1648
1900-01-01 16:28:17,8.93,1.91,0.89,3.53,16:28:17,17.0563
1900-01-01 16:28:18,8.94,1.91,0.89,3.52,16:28:18,17.0754
1900-01-01 16:28:19,8.94,1.91,0.89,3.52,16:28:19,17.0754
1900-01-01 16:28:20,8.94,1.92,0.9,3.54,16:28:20,17.1648
1900-01-01 16:28:21,8.95,1.91,0.89,3.52,16:28:21,17.094499999999996
1900-01-01 16:28:22,8.94,1.92,0.89,3.53,16:28:22,17.1648
1900-01-01 16:28:23,8.94,1.92,0.89,3.53,16:28:23,17.1648
1900-01-01 16:28:24,8.94,1.92,0.9,3.54,16:28:24,17.1648
1900-01-01 16:28:25,8.94,1.92,0.89,3.52,16:28:25,17.1648
1900-01-01 16:28:26,8.94,1.92,0.89,3.54,16:28:26,17.1648
1900-01-01 16:28:27,8.94,1.91,0.89,3.53,16:28:27,17.0754
1900-01-01 16:28:28,8.94,1.91,0.89,3.53,16:28:28,17.0754
1900-01-01 16:28:29,8.93,1.91,0.89,3.53,16:28:29,17.0563
1900-01-01 16:28:30,8.94,1.91,0.89,3.53,16:28:30,17.0754
1900-01-01 16:28:31,8.95,1.91,0.9,3.54,16:28:31,17.094499999999996
1900-01-01 16:28:32,8.94,1.91,0.89,3.52,16:28:32,17.0754
1900-01-01 16:28:33,8.94,1.91,0.89,3.52,16:28:33,17.0754
1900-01-01 16:28:34,8.95,1.92,0.89,3.53,16:28:34,17.183999999999997
1900-01-01 16:28:35,8.95,1.92,0.9,3.53,16:28:35,17.183999999999997
1900-01-01 16:28:36,8.94,1.92,0.88,3.53,16:28:36,17.1648
1900-01-01 16:28:37,8.94,1.91,0.89,3.53,16:28:37,17.0754
1900-01-01 16:28:38,8.95,1.91,0.89,3.53,16:28:38,17.094499999999996
1900-01-01 16:28:39,8.94,1.91,0.9,3.53,16:28:39,17.0754
1900-01-01 16:28:40,8.94,1.92,0.89,3.53,16:28:40,17.1648
1900-01-01 16:28:41,8.94,1.92,0.89,3.53,16:28:41,17.1648
1900-01-01 16:28:42,8.94,1.91,0.89,3.53,16:28:42,17.0754
1900-01-01 16:28:43,8.94,1.92,0.89,3.52,16:28:43,17.1648
1900-01-01 16:28:44,8.94,1.92,0.89,3.53,16:28:44,17.1648
1900-01-01 16:28:45,8.94,1.92,0.9,3.54,16:28:45,17.1648
1900-01-01 16:28:46,8.95,1.92,0.89,3.54,16:28:46,17.183999999999997
1900-01-01 16:28:47,8.95,1.92,0.9,3.54,16:28:47,17.183999999999997
1900-01-01 16:28:48,8.94,1.92,0.88,3.53,16:28:48,17.1648
1900-01-01 16:28:49,8.94,1.91,0.9,3.54,16:28:49,17.0754
1900-01-01 16:28:50,8.94,1.91,0.88,3.52,16:28:50,17.0754
1900-01-01 16:28:51,8.95,1.91,0.89,3.52,16:28:51,17.094499999999996
1900-01-01 16:28:52,8.94,1.91,0.9,3.53,16:28:52,17.0754
1900-01-01 16:28:53,8.95,1.92,0.89,3.54,16:28:53,17.183999999999997
1900-01-01 16:28:54,8.94,1.92,0.89,3.54,16:28:54,17.1648
1900-01-01 16:28:55,8.94,1.92,0.89,3.52,16:28:55,17.1648
1900-01-01 16:28:56,8.95,1.92,0.9,3.54,16:28:56,17.183999999999997
1900-01-01 16:28:57,8.94,1.91,0.89,3.53,16:28:57,17.0754
1900-01-01 16:28:58,8.95,1.92,0.89,3.52,16:28:58,17.183999999999997
1900-01-01 16:28:59,8.94,1.91,0.89,3.54,16:28:59,17.0754
1900-01-01 16:29:00,8.94,1.92,0.89,3.53,16:29:00,17.1648
1900-01-01 16:29:01,8.94,1.91,0.89,3.52,16:29:01,17.0754
1900-01-01 16:29:02,8.94,1.91,0.89,3.53,16:29:02,17.0754
1900-01-01 16:29:03,8.94,1.92,0.89,3.54,16:29:03,17.1648
1900-01-01 16:29:04,8.93,1.92,0.89,3.53,16:29:04,17.145599999999998
1900-01-01 16:29:05,8.94,1.91,0.89,3.53,16:29:05,17.0754
1900-01-01 16:29:06,8.95,1.92,0.89,3.54,16:29:06,17.183999999999997
1900-01-01 16:29:07,8.94,1.92,0.89,3.53,16:29:07,17.1648
1900-01-01 16:29:08,8.95,1.92,0.89,3.54,16:29:08,17.183999999999997
1900-01-01 16:29:09,8.95,1.92,0.89,3.53,16:29:09,17.183999999999997
1900-01-01 16:29:10,8.95,1.92,0.89,3.53,16:29:10,17.183999999999997
1900-01-01 16:29:11,8.94,1.92,0.89,3.53,16:29:11,17.1648
1900-01-01 16:29:12,8.94,1.91,0.89,3.53,16:29:12,17.0754
1900-01-01 16:29:13,8.94,1.91,0.89,3.52,16:29:13,17.0754
1900-01-01 16:29:14,8.94,1.91,0.89,3.52,16:29:14,17.0754
1900-01-01 16:29:15,8.94,1.92,0.89,3.54,16:29:15,17.1648
1900-01-01 16:29:16,8.94,1.91,0.89,3.54,16:29:16,17.0754
1900-01-01 16:29:17,8.95,1.92,0.89,3.53,16:29:17,17.183999999999997
1900-01-01 16:29:18,8.95,1.92,0.9,3.54,16:29:18,17.183999999999997
1900-01-01 16:29:19,8.94,1.92,0.89,3.52,16:29:19,17.1648
1900-01-01 16:29:20,8.95,1.92,0.89,3.53,16:29:20,17.183999999999997
1900-01-01 16:29:21,8.94,1.92,0.89,3.53,16:29:21,17.1648
1900-01-01 16:29:22,8.93,1.91,0.89,3.52,16:29:22,17.0563
1900-01-01 16:29:23,8.93,1.92,0.9,3.54,16:29:23,17.145599999999998
1900-01-01 16:29:24,8.94,1.92,0.89,3.53,16:29:24,17.1648
1900-01-01 16:29:25,8.95,1.91,0.89,3.53,16:29:25,17.094499999999996
1900-01-01 16:29:26,8.94,1.91,0.89,3.53,16:29:26,17.0754
1900-01-01 16:29:27,8.95,1.92,0.9,3.53,16:29:27,17.183999999999997
1900-01-01 16:29:28,8.94,1.92,0.9,3.54,16:29:28,17.1648
1900-01-01 16:29:29,8.95,1.92,0.89,3.53,16:29:29,17.183999999999997
1900-01-01 16:29:30,8.94,1.92,0.89,3.54,16:29:30,17.1648
1900-01-01 16:29:31,8.95,1.91,0.89,3.52,16:29:31,17.094499999999996
1900-01-01 16:29:32,8.94,1.92,0.89,3.53,16:29:32,17.1648
1900-01-01 16:29:33,8.95,1.92,0.9,3.53,16:29:33,17.183999999999997
1900-01-01 16:29:34,8.93,1.92,0.89,3.54,16:29:34,17.145599999999998
1900-01-01 16:29:35,8.94,1.92,0.89,3.52,16:29:35,17.1648
1900-01-01 16:29:36,8.94,1.92,0.9,3.54,16:29:36,17.1648
1900-01-01 16:29:37,8.95,1.92,0.89,3.52,16:29:37,17.183999999999997
1900-01-01 16:29:38,8.95,1.92,0.9,3.54,16:29:38,17.183999999999997
1900-01-01 16:29:39,8.94,1.92,0.89,3.52,16:29:39,17.1648
1900-01-01 16:29:40,8.94,1.92,0.89,3.53,16:29:40,17.1648
1900-01-01 16:29:41,8.93,1.91,0.89,3.53,16:29:41,17.0563
1900-01-01 16:29:42,8.94,1.92,0.9,3.54,16:29:42,17.1648
1900-01-01 16:29:43,8.94,1.91,0.89,3.53,16:29:43,17.0754
1900-01-01 16:29:44,8.94,1.92,0.89,3.54,16:29:44,17.1648
1900-01-01 16:29:45,8.94,1.91,0.89,3.52,16:29:45,17.0754
1900-01-01 16:29:46,8.94,1.92,0.9,3.54,16:29:46,17.1648
1900-01-01 16:29:47,8.94,1.92,0.89,3.53,16:29:47,17.1648
1900-01-01 16:29:48,8.94,1.91,0.89,3.52,16:29:48,17.0754
1900-01-01 16:29:49,8.95,1.92,0.89,3.53,16:29:49,17.183999999999997
1900-01-01 16:29:50,8.94,1.91,0.89,3.53,16:29:50,17.0754
1900-01-01 16:29:51,8.95,1.91,0.89,3.52,16:29:51,17.094499999999996
1900-01-01 16:29:52,8.94,1.92,0.9,3.54,16:29:52,17.1648
1900-01-01 16:29:53,8.94,1.92,0.89,3.53,16:29:53,17.1648
1900-01-01 16:29:54,8.95,1.92,0.89,3.53,16:29:54,17.183999999999997
1900-01-01 16:29:55,8.95,1.92,0.9,3.54,16:29:55,17.183999999999997
1900-01-01 16:29:56,8.94,1.92,0.89,3.52,16:29:56,17.1648
1900-01-01 16:29:57,8.95,1.92,0.89,3.54,16:29:57,17.183999999999997
1900-01-01 16:29:58,8.95,1.92,0.89,3.54,16:29:58,17.183999999999997
1900-01-01 16:29:59,8.94,1.92,0.89,3.52,16:29:59,17.1648
1900-01-01 16:30:00,8.94,1.91,0.89,3.54,16:30:00,17.0754
1900-01-01 16:30:01,8.94,1.92,0.89,3.53,16:30:01,17.1648
1900-01-01 16:30:02,8.94,1.92,0.89,3.53,16:30:02,17.1648
1900-01-01 16:30:03,8.94,1.91,0.89,3.53,16:30:03,17.0754
1900-01-01 16:30:04,8.94,1.92,0.89,3.53,16:30:04,17.1648
1900-01-01 16:30:05,8.95,1.92,0.89,3.54,16:30:05,17.183999999999997
1900-01-01 16:30:06,8.94,1.91,0.89,3.54,16:30:06,17.0754
1900-01-01 16:30:07,8.94,1.92,0.88,3.53,16:30:07,17.1648
1900-01-01 16:30:08,8.94,1.92,0.9,3.54,16:30:08,17.1648
1900-01-01 16:30:09,8.94,1.91,0.9,3.54,16:30:09,17.0754
1900-01-01 16:30:10,8.94,1.91,0.89,3.54,16:30:10,17.0754
1900-01-01 16:30:11,8.94,1.92,0.9,3.54,16:30:11,17.1648
1900-01-01 16:30:12,8.95,1.92,0.89,3.53,16:30:12,17.183999999999997
1900-01-01 16:30:13,8.94,1.92,0.89,3.53,16:30:13,17.1648
1900-01-01 16:30:14,8.94,1.92,0.89,3.54,16:30:14,17.1648
1900-01-01 16:30:15,8.94,1.91,0.89,3.53,16:30:15,17.0754
1900-01-01 16:30:16,8.94,1.92,0.9,3.53,16:30:16,17.1648
1900-01-01 16:30:17,8.94,1.91,0.9,3.54,16:30:17,17.0754
1900-01-01 16:30:18,8.95,1.92,0.89,3.53,16:30:18,17.183999999999997
1900-01-01 16:30:19,8.94,1.91,0.89,3.54,16:30:19,17.0754
1900-01-01 16:30:20,8.94,1.91,0.89,3.53,16:30:20,17.0754
1900-01-01 16:30:21,8.95,1.92,0.89,3.53,16:30:21,17.183999999999997
1900-01-01 16:30:22,8.94,1.91,0.89,3.54,16:30:22,17.0754
1900-01-01 16:30:23,8.95,1.91,0.89,3.53,16:30:23,17.094499999999996
1900-01-01 16:30:24,8.94,1.92,0.89,3.53,16:30:24,17.1648
1900-01-01 16:30:25,8.94,1.92,0.89,3.53,16:30:25,17.1648
1900-01-01 16:30:26,8.94,1.91,0.89,3.52,16:30:26,17.0754
1900-01-01 16:30:27,8.94,1.92,0.89,3.54,16:30:27,17.1648
1900-01-01 16:30:28,8.94,1.92,0.89,3.53,16:30:28,17.1648
1900-01-01 16:30:29,8.95,1.91,0.89,3.53,16:30:29,17.094499999999996
1900-01-01 16:30:30,8.95,1.92,0.89,3.53,16:30:30,17.183999999999997
1900-01-01 16:30:31,8.94,1.92,0.89,3.54,16:30:31,17.1648
1900-01-01 16:30:32,8.94,1.91,0.89,3.54,16:30:32,17.0754
1900-01-01 16:30:33,8.94,1.91,0.89,3.54,16:30:33,17.0754
1900-01-01 16:30:34,8.93,1.91,0.89,3.53,16:30:34,17.0563
1900-01-01 16:30:35,8.94,1.92,0.89,3.54,16:30:35,17.1648
1900-01-01 16:30:36,8.93,1.92,0.89,3.53,16:30:36,17.145599999999998
1900-01-01 16:30:37,8.94,1.91,0.89,3.52,16:30:37,17.0754
1900-01-01 16:30:38,8.94,1.91,0.89,3.53,16:30:38,17.0754
1900-01-01 16:30:39,8.94,1.92,0.89,3.53,16:30:39,17.1648
1900-01-01 16:30:40,8.94,1.92,0.89,3.53,16:30:40,17.1648
1900-01-01 16:30:41,8.94,1.92,0.89,3.53,16:30:41,17.1648
1900-01-01 16:30:42,8.94,1.92,0.9,3.54,16:30:42,17.1648
1900-01-01 16:30:43,8.94,1.92,0.9,3.54,16:30:43,17.1648
1900-01-01 16:30:44,8.94,1.92,0.89,3.52,16:30:44,17.1648
1900-01-01 16:30:45,8.94,1.92,0.89,3.54,16:30:45,17.1648
1900-01-01 16:30:46,8.95,1.92,0.89,3.54,16:30:46,17.183999999999997
1900-01-01 16:30:47,8.95,1.91,0.89,3.54,16:30:47,17.094499999999996
1900-01-01 16:30:48,8.94,1.92,0.89,3.53,16:30:48,17.1648
1900-01-01 16:30:49,8.94,1.91,0.89,3.52,16:30:49,17.0754
1900-01-01 16:30:50,8.93,1.91,0.89,3.52,16:30:50,17.0563
1900-01-01 16:30:51,8.94,1.91,0.89,3.53,16:30:51,17.0754
1900-01-01 16:30:52,8.94,1.91,0.9,3.53,16:30:52,17.0754
1900-01-01 16:30:53,8.94,1.92,0.89,3.53,16:30:53,17.1648
1900-01-01 16:30:54,8.94,1.91,0.89,3.53,16:30:54,17.0754
1900-01-01 16:30:55,8.94,1.91,0.9,3.52,16:30:55,17.0754
1900-01-01 16:30:56,8.93,1.92,0.89,3.53,16:30:56,17.145599999999998
1900-01-01 16:30:57,8.93,1.91,0.89,3.52,16:30:57,17.0563
1900-01-01 16:30:58,8.93,1.91,0.89,3.53,16:30:58,17.0563
1900-01-01 16:30:59,8.95,1.92,0.9,3.53,16:30:59,17.183999999999997
1900-01-01 16:31:00,8.94,1.91,0.89,3.54,16:31:00,17.0754
1900-01-01 16:31:01,8.94,1.91,0.89,3.52,16:31:01,17.0754
1900-01-01 16:31:02,8.93,1.92,0.89,3.53,16:31:02,17.145599999999998
1900-01-01 16:31:03,8.94,1.92,0.89,3.52,16:31:03,17.1648
1900-01-01 16:31:04,8.94,1.92,0.9,3.54,16:31:04,17.1648
1900-01-01 16:31:05,8.93,1.92,0.88,3.52,16:31:05,17.145599999999998
1900-01-01 16:31:06,8.95,1.92,0.89,3.54,16:31:06,17.183999999999997
1900-01-01 16:31:07,8.94,1.92,0.89,3.53,16:31:07,17.1648
1900-01-01 16:31:08,8.93,1.92,0.9,3.54,16:31:08,17.145599999999998
1900-01-01 16:31:09,8.94,1.91,0.89,3.54,16:31:09,17.0754
1900-01-01 16:31:10,8.94,1.91,0.89,3.53,16:31:10,17.0754
1900-01-01 16:31:11,8.94,1.91,0.89,3.53,16:31:11,17.0754
1900-01-01 16:31:12,8.94,1.91,0.89,3.53,16:31:12,17.0754
1900-01-01 16:31:13,8.94,1.91,0.89,3.53,16:31:13,17.0754
1900-01-01 16:31:14,8.94,1.91,0.9,3.54,16:31:14,17.0754
1900-01-01 16:31:15,8.94,1.92,0.9,3.52,16:31:15,17.1648
1900-01-01 16:31:16,8.94,1.92,0.89,3.54,16:31:16,17.1648
1900-01-01 16:31:17,8.95,1.91,0.89,3.53,16:31:17,17.094499999999996
1900-01-01 16:31:18,8.94,1.91,0.89,3.52,16:31:18,17.0754
1900-01-01 16:31:19,8.95,1.92,0.89,3.53,16:31:19,17.183999999999997
1900-01-01 16:31:20,8.94,1.92,0.89,3.52,16:31:20,17.1648
1900-01-01 16:31:21,8.94,1.92,0.89,3.52,16:31:21,17.1648
1900-01-01 16:31:22,8.94,1.92,0.89,3.53,16:31:22,17.1648
1900-01-01 16:31:23,8.94,1.92,0.89,3.54,16:31:23,17.1648
1900-01-01 16:31:24,8.95,1.92,0.89,3.53,16:31:24,17.183999999999997
1900-01-01 16:31:25,8.95,1.92,0.89,3.54,16:31:25,17.183999999999997
1900-01-01 16:31:26,8.94,1.91,0.89,3.52,16:31:26,17.0754
1900-01-01 16:31:27,8.94,1.91,0.89,3.53,16:31:27,17.0754
1900-01-01 16:31:28,8.95,1.92,0.89,3.52,16:31:28,17.183999999999997
1900-01-01 16:31:29,8.95,1.92,0.89,3.54,16:31:29,17.183999999999997
1900-01-01 16:31:30,8.94,1.92,0.89,3.53,16:31:30,17.1648
1900-01-01 16:31:31,8.94,1.92,0.88,3.53,16:31:31,17.1648
1900-01-01 16:31:32,8.94,1.91,0.89,3.53,16:31:32,17.0754
1900-01-01 16:31:33,8.94,1.91,0.89,3.53,16:31:33,17.0754
1900-01-01 16:31:34,8.95,1.92,0.89,3.53,16:31:34,17.183999999999997
1900-01-01 16:31:35,8.94,1.91,0.89,3.53,16:31:35,17.0754
1900-01-01 16:31:36,8.95,1.91,0.89,3.52,16:31:36,17.094499999999996
1900-01-01 16:31:37,8.94,1.91,0.89,3.53,16:31:37,17.0754
1900-01-01 16:31:38,8.94,1.91,0.9,3.53,16:31:38,17.0754
1900-01-01 16:31:39,8.94,1.91,0.89,3.52,16:31:39,17.0754
1900-01-01 16:31:40,8.94,1.92,0.88,3.53,16:31:40,17.1648
1900-01-01 16:31:41,8.95,1.92,0.89,3.53,16:31:41,17.183999999999997
1900-01-01 16:31:42,8.95,1.92,0.89,3.52,16:31:42,17.183999999999997
1900-01-01 16:31:43,8.94,1.92,0.89,3.52,16:31:43,17.1648
1900-01-01 16:31:44,8.94,1.92,0.89,3.53,16:31:44,17.1648
1900-01-01 16:31:45,8.94,1.92,0.89,3.52,16:31:45,17.1648
1900-01-01 16:31:46,8.94,1.91,0.89,3.53,16:31:46,17.0754
1900-01-01 16:31:47,8.94,1.92,0.89,3.53,16:31:47,17.1648
1900-01-01 16:31:48,8.94,1.92,0.89,3.52,16:31:48,17.1648
1900-01-01 16:31:49,8.94,1.91,0.9,3.53,16:31:49,17.0754
1900-01-01 16:31:50,8.93,1.92,0.89,3.53,16:31:50,17.145599999999998
1900-01-01 16:31:51,8.95,1.91,0.89,3.54,16:31:51,17.094499999999996
1900-01-01 16:31:52,8.94,1.92,0.9,3.54,16:31:52,17.1648
1900-01-01 16:31:53,8.94,1.92,0.89,3.53,16:31:53,17.1648
1900-01-01 16:31:54,8.95,1.92,0.89,3.54,16:31:54,17.183999999999997
1900-01-01 16:31:55,8.94,1.92,0.89,3.53,16:31:55,17.1648
1900-01-01 16:31:56,8.94,1.92,0.9,3.54,16:31:56,17.1648
1900-01-01 16:31:57,8.94,1.91,0.89,3.53,16:31:57,17.0754
1900-01-01 16:31:58,8.95,1.92,0.89,3.54,16:31:58,17.183999999999997
1900-01-01 16:31:59,8.94,1.91,0.89,3.52,16:31:59,17.0754
1900-01-01 16:32:00,8.95,1.92,0.89,3.53,16:32:00,17.183999999999997
1900-01-01 16:32:01,8.94,1.92,0.89,3.53,16:32:01,17.1648
1900-01-01 16:32:02,8.94,1.92,0.9,3.53,16:32:02,17.1648
1900-01-01 16:32:03,8.95,1.92,0.89,3.53,16:32:03,17.183999999999997
1900-01-01 16:32:04,8.94,1.92,0.89,3.53,16:32:04,17.1648
1900-01-01 16:32:05,8.94,1.92,0.9,3.53,16:32:05,17.1648
1900-01-01 16:32:06,8.95,1.92,0.89,3.53,16:32:06,17.183999999999997
1900-01-01 16:32:07,8.95,1.92,0.89,3.53,16:32:07,17.183999999999997
1900-01-01 16:32:08,8.95,1.92,0.89,3.53,16:32:08,17.183999999999997
1900-01-01 16:32:09,8.95,1.92,0.89,3.53,16:32:09,17.183999999999997
1900-01-01 16:32:10,8.94,1.92,0.89,3.53,16:32:10,17.1648
1900-01-01 16:32:11,8.94,1.92,0.89,3.53,16:32:11,17.1648
1900-01-01 16:32:12,8.94,1.92,0.89,3.52,16:32:12,17.1648
1900-01-01 16:32:13,8.95,1.92,0.89,3.53,16:32:13,17.183999999999997
1900-01-01 16:32:14,8.94,1.91,0.89,3.52,16:32:14,17.0754
1900-01-01 16:32:15,8.95,1.91,0.89,3.52,16:32:15,17.094499999999996
1900-01-01 16:32:16,8.94,1.92,0.89,3.53,16:32:16,17.1648
1900-01-01 16:32:17,8.93,1.91,0.89,3.53,16:32:17,17.0563
1900-01-01 16:32:18,8.94,1.92,0.89,3.53,16:32:18,17.1648
1900-01-01 16:32:19,8.95,1.92,0.9,3.54,16:32:19,17.183999999999997
1900-01-01 16:32:20,8.94,1.91,0.89,3.53,16:32:20,17.0754
1900-01-01 16:32:21,8.94,1.92,0.9,3.54,16:32:21,17.1648
1900-01-01 16:32:22,8.94,1.92,0.89,3.53,16:32:22,17.1648
1900-01-01 16:32:23,8.95,1.92,0.89,3.53,16:32:23,17.183999999999997
1900-01-01 16:32:24,8.95,1.92,0.9,3.54,16:32:24,17.183999999999997
1900-01-01 16:32:25,8.94,1.92,0.89,3.54,16:32:25,17.1648
1900-01-01 16:32:26,8.95,1.92,0.89,3.52,16:32:26,17.183999999999997
1900-01-01 16:32:27,8.95,1.92,0.89,3.54,16:32:27,17.183999999999997
1900-01-01 16:32:28,8.94,1.92,0.89,3.54,16:32:28,17.1648
1900-01-01 16:32:29,8.93,1.91,0.89,3.53,16:32:29,17.0563
1900-01-01 16:32:30,8.95,1.92,0.89,3.53,16:32:30,17.183999999999997
1900-01-01 16:32:31,8.94,1.91,0.89,3.53,16:32:31,17.0754
1900-01-01 16:32:32,8.94,1.92,0.89,3.52,16:32:32,17.1648
1900-01-01 16:32:33,8.94,1.92,0.89,3.53,16:32:33,17.1648
1900-01-01 16:32:34,8.93,1.92,0.9,3.52,16:32:34,17.145599999999998
1900-01-01 16:32:35,8.94,1.92,0.89,3.54,16:32:35,17.1648
1900-01-01 16:32:36,8.93,1.92,0.89,3.53,16:32:36,17.145599999999998
1900-01-01 16:32:37,8.94,1.91,0.89,3.52,16:32:37,17.0754
1900-01-01 16:32:38,8.94,1.92,0.89,3.53,16:32:38,17.1648
1900-01-01 16:32:39,8.94,1.91,0.89,3.53,16:32:39,17.0754
1900-01-01 16:32:40,8.94,1.92,0.89,3.54,16:32:40,17.1648
1900-01-01 16:32:41,8.94,1.92,0.89,3.53,16:32:41,17.1648
1900-01-01 16:32:42,8.94,1.92,0.89,3.52,16:32:42,17.1648
1900-01-01 16:32:43,8.94,1.92,0.89,3.54,16:32:43,17.1648
1900-01-01 16:32:44,8.94,1.92,0.89,3.53,16:32:44,17.1648
1900-01-01 16:32:45,8.94,1.91,0.89,3.54,16:32:45,17.0754
1900-01-01 16:32:46,8.95,1.92,0.89,3.54,16:32:46,17.183999999999997
1900-01-01 16:32:47,8.94,1.92,0.9,3.54,16:32:47,17.1648
1900-01-01 16:32:48,8.95,1.91,0.88,3.53,16:32:48,17.094499999999996
1900-01-01 16:32:49,8.95,1.92,0.89,3.53,16:32:49,17.183999999999997
1900-01-01 16:32:50,8.94,1.92,0.9,3.54,16:32:50,17.1648
1900-01-01 16:32:51,8.94,1.92,0.89,3.53,16:32:51,17.1648
1900-01-01 16:32:52,8.94,1.92,0.89,3.52,16:32:52,17.1648
1900-01-01 16:32:53,8.94,1.92,0.89,3.53,16:32:53,17.1648
1900-01-01 16:32:54,8.94,1.92,0.89,3.53,16:32:54,17.1648
1900-01-01 16:32:55,8.94,1.92,0.9,3.53,16:32:55,17.1648
1900-01-01 16:32:56,8.94,1.91,0.9,3.53,16:32:56,17.0754
1900-01-01 16:32:57,8.94,1.91,0.89,3.53,16:32:57,17.0754
1900-01-01 16:32:58,8.95,1.92,0.89,3.52,16:32:58,17.183999999999997
1900-01-01 16:32:59,8.94,1.92,0.89,3.53,16:32:59,17.1648
1900-01-01 16:33:00,8.94,1.92,0.89,3.52,16:33:00,17.1648
1900-01-01 16:33:01,8.94,1.91,0.9,3.53,16:33:01,17.0754
1900-01-01 16:33:02,8.94,1.92,0.89,3.52,16:33:02,17.1648
1900-01-01 16:33:03,8.94,1.92,0.88,3.54,16:33:03,17.1648
1900-01-01 16:33:04,8.94,1.92,0.89,3.54,16:33:04,17.1648
1900-01-01 16:33:05,8.95,1.92,0.89,3.52,16:33:05,17.183999999999997
1900-01-01 16:33:06,8.94,1.91,0.89,3.52,16:33:06,17.0754
1900-01-01 16:33:07,8.95,1.91,0.89,3.53,16:33:07,17.094499999999996
1900-01-01 16:33:08,8.94,1.91,0.89,3.53,16:33:08,17.0754
1900-01-01 16:33:09,8.94,1.91,0.89,3.54,16:33:09,17.0754
1900-01-01 16:33:10,8.93,1.92,0.89,3.53,16:33:10,17.145599999999998
1900-01-01 16:33:11,8.95,1.92,0.89,3.54,16:33:11,17.183999999999997
1900-01-01 16:33:12,8.94,1.92,0.89,3.53,16:33:12,17.1648
1900-01-01 16:33:13,8.94,1.92,0.89,3.52,16:33:13,17.1648
1900-01-01 16:33:14,8.95,1.92,0.89,3.52,16:33:14,17.183999999999997
1900-01-01 16:33:15,8.95,1.92,0.89,3.53,16:33:15,17.183999999999997
1900-01-01 16:33:16,8.94,1.91,0.89,3.53,16:33:16,17.0754
1900-01-01 16:33:17,8.94,1.92,0.89,3.54,16:33:17,17.1648
1900-01-01 16:33:18,8.94,1.91,0.89,3.53,16:33:18,17.0754
1900-01-01 16:33:19,8.94,1.92,0.9,3.53,16:33:19,17.1648
1900-01-01 16:33:20,8.94,1.92,0.89,3.53,16:33:20,17.1648
1900-01-01 16:33:21,8.95,1.92,0.9,3.54,16:33:21,17.183999999999997
1900-01-01 16:33:22,8.95,1.91,0.89,3.53,16:33:22,17.094499999999996
1900-01-01 16:33:23,8.95,1.92,0.9,3.54,16:33:23,17.183999999999997
1900-01-01 16:33:24,8.94,1.92,0.89,3.54,16:33:24,17.1648
1900-01-01 16:33:25,8.94,1.91,0.89,3.53,16:33:25,17.0754
1900-01-01 16:33:26,8.95,1.91,0.89,3.52,16:33:26,17.094499999999996
1900-01-01 16:33:27,8.94,1.92,0.89,3.52,16:33:27,17.1648
1900-01-01 16:33:28,8.94,1.92,0.89,3.53,16:33:28,17.1648
1900-01-01 16:33:29,8.94,1.92,0.89,3.52,16:33:29,17.1648
1900-01-01 16:33:30,8.94,1.91,0.9,3.53,16:33:30,17.0754
1900-01-01 16:33:31,8.94,1.91,0.89,3.53,16:33:31,17.0754
1900-01-01 16:33:32,8.93,1.91,0.89,3.52,16:33:32,17.0563
1900-01-01 16:33:33,8.95,1.91,0.89,3.53,16:33:33,17.094499999999996
1900-01-01 16:33:34,8.95,1.92,0.9,3.53,16:33:34,17.183999999999997
1900-01-01 16:33:35,8.95,1.92,0.89,3.54,16:33:35,17.183999999999997
1900-01-01 16:33:36,8.94,1.91,0.9,3.53,16:33:36,17.0754
1900-01-01 16:33:37,8.94,1.92,0.89,3.54,16:33:37,17.1648
1900-01-01 16:33:38,8.93,1.92,0.89,3.53,16:33:38,17.145599999999998
1900-01-01 16:33:39,8.95,1.92,0.88,3.53,16:33:39,17.183999999999997
1900-01-01 16:33:40,8.94,1.92,0.89,3.52,16:33:40,17.1648
1900-01-01 16:33:41,8.95,1.92,0.89,3.54,16:33:41,17.183999999999997
1900-01-01 16:33:42,8.93,1.91,0.89,3.53,16:33:42,17.0563
1900-01-01 16:33:43,8.94,1.92,0.89,3.53,16:33:43,17.1648
1900-01-01 16:33:44,8.95,1.92,0.89,3.53,16:33:44,17.183999999999997
1900-01-01 16:33:45,8.95,1.92,0.89,3.52,16:33:45,17.183999999999997
1900-01-01 16:33:46,8.94,1.15,0.82,3.46,16:33:46,10.280999999999999
1900-01-01 16:33:47,8.94,1.44,0.85,3.49,16:33:47,12.873599999999998
1900-01-01 16:33:48,8.95,1.44,0.85,3.49,16:33:48,12.887999999999998
1900-01-01 16:33:49,8.94,1.44,0.85,3.49,16:33:49,12.873599999999998
1900-01-01 16:33:50,8.94,1.44,0.85,3.48,16:33:50,12.873599999999998
1900-01-01 16:33:51,8.94,1.44,0.85,3.48,16:33:51,12.873599999999998
1900-01-01 16:33:52,8.94,1.44,0.84,3.49,16:33:52,12.873599999999998
1900-01-01 16:33:53,8.95,1.44,0.85,3.49,16:33:53,12.887999999999998
1900-01-01 16:33:54,8.94,1.44,0.84,3.48,16:33:54,12.873599999999998
1900-01-01 16:33:55,8.94,1.44,0.85,3.49,16:33:55,12.873599999999998
1900-01-01 16:33:56,8.94,1.44,0.85,3.49,16:33:56,12.873599999999998
1900-01-01 16:33:57,8.94,1.44,0.84,3.49,16:33:57,12.873599999999998
1900-01-01 16:33:58,8.94,1.44,0.85,3.49,16:33:58,12.873599999999998
1900-01-01 16:33:59,8.95,1.44,0.85,3.49,16:33:59,12.887999999999998
1900-01-01 16:34:00,8.96,1.44,0.85,3.49,16:34:00,12.9024
1900-01-01 16:34:01,8.94,1.44,0.85,3.49,16:34:01,12.873599999999998
1900-01-01 16:34:02,8.95,1.44,0.85,3.49,16:34:02,12.887999999999998
1900-01-01 16:34:03,8.95,1.44,0.85,3.49,16:34:03,12.887999999999998
1900-01-01 16:34:04,8.95,1.44,0.85,3.49,16:34:04,12.887999999999998
1900-01-01 16:34:05,8.95,1.44,0.85,3.49,16:34:05,12.887999999999998
1900-01-01 16:34:06,8.95,1.44,0.85,3.48,16:34:06,12.887999999999998
1900-01-01 16:34:07,8.94,1.44,0.85,3.48,16:34:07,12.873599999999998
1900-01-01 16:34:08,8.94,1.44,0.85,3.48,16:34:08,12.873599999999998
1900-01-01 16:34:09,8.94,1.44,0.85,3.49,16:34:09,12.873599999999998
1900-01-01 16:34:10,8.95,1.44,0.85,3.49,16:34:10,12.887999999999998
1900-01-01 16:34:11,8.95,1.44,0.85,3.49,16:34:11,12.887999999999998
1900-01-01 16:34:12,8.95,1.44,0.85,3.48,16:34:12,12.887999999999998
1900-01-01 16:34:13,8.95,1.44,0.85,3.49,16:34:13,12.887999999999998
1900-01-01 16:34:14,8.94,1.44,0.84,3.48,16:34:14,12.873599999999998
1900-01-01 16:34:15,8.95,1.44,0.85,3.49,16:34:15,12.887999999999998
1900-01-01 16:34:16,8.94,1.43,0.85,3.48,16:34:16,12.784199999999998
1900-01-01 16:34:17,8.95,1.44,0.85,3.49,16:34:17,12.887999999999998
1900-01-01 16:34:18,8.95,1.44,0.85,3.49,16:34:18,12.887999999999998
1900-01-01 16:34:19,8.94,1.44,0.85,3.49,16:34:19,12.873599999999998
1900-01-01 16:34:20,8.94,1.44,0.85,3.48,16:34:20,12.873599999999998
1900-01-01 16:34:21,8.95,1.44,0.85,3.49,16:34:21,12.887999999999998
1900-01-01 16:34:22,8.94,1.44,0.85,3.48,16:34:22,12.873599999999998
1900-01-01 16:34:23,8.94,1.44,0.85,3.49,16:34:23,12.873599999999998
1900-01-01 16:34:24,8.93,1.44,0.84,3.48,16:34:24,12.8592
1900-01-01 16:34:25,8.95,1.44,0.84,3.48,16:34:25,12.887999999999998
1900-01-01 16:34:26,8.94,1.44,0.85,3.49,16:34:26,12.873599999999998
1900-01-01 16:34:27,8.95,1.44,0.85,3.49,16:34:27,12.887999999999998
1900-01-01 16:34:28,8.95,1.44,0.84,3.49,16:34:28,12.887999999999998
1900-01-01 16:34:29,8.94,1.44,0.85,3.48,16:34:29,12.873599999999998
1900-01-01 16:34:30,8.94,1.44,0.84,3.48,16:34:30,12.873599999999998
1900-01-01 16:34:31,8.95,1.44,0.85,3.48,16:34:31,12.887999999999998
1900-01-01 16:34:32,8.95,1.44,0.85,3.48,16:34:32,12.887999999999998
1900-01-01 16:34:33,8.95,1.44,0.85,3.49,16:34:33,12.887999999999998
1900-01-01 16:34:34,8.96,1.44,0.85,3.49,16:34:34,12.9024
1900-01-01 16:34:35,8.95,1.43,0.85,3.48,16:34:35,12.798499999999999
1900-01-01 16:34:36,8.94,1.44,0.85,3.49,16:34:36,12.873599999999998
1900-01-01 16:34:37,8.95,1.44,0.85,3.48,16:34:37,12.887999999999998
1900-01-01 16:34:38,8.96,1.44,0.85,3.49,16:34:38,12.9024
1900-01-01 16:34:39,8.94,1.44,0.85,3.49,16:34:39,12.873599999999998
1900-01-01 16:34:40,8.94,1.44,0.85,3.49,16:34:40,12.873599999999998
1900-01-01 16:34:41,8.95,1.44,0.84,3.48,16:34:41,12.887999999999998
1900-01-01 16:34:42,8.94,1.44,0.85,3.48,16:34:42,12.873599999999998
1900-01-01 16:34:43,8.94,1.44,0.85,3.48,16:34:43,12.873599999999998
1900-01-01 16:34:44,8.95,1.44,0.85,3.49,16:34:44,12.887999999999998
1900-01-01 16:34:45,8.95,1.43,0.85,3.49,16:34:45,12.798499999999999
1900-01-01 16:34:46,8.94,1.44,0.85,3.49,16:34:46,12.873599999999998
1900-01-01 16:34:47,8.95,1.44,0.85,3.48,16:34:47,12.887999999999998
1900-01-01 16:34:48,8.95,1.44,0.85,3.49,16:34:48,12.887999999999998
1900-01-01 16:34:49,8.94,1.44,0.85,3.49,16:34:49,12.873599999999998
1900-01-01 16:34:50,8.95,1.43,0.85,3.48,16:34:50,12.798499999999999
1900-01-01 16:34:51,8.94,1.44,0.85,3.49,16:34:51,12.873599999999998
1900-01-01 16:34:52,8.95,1.44,0.84,3.49,16:34:52,12.887999999999998
1900-01-01 16:34:53,8.95,1.43,0.85,3.49,16:34:53,12.798499999999999
1900-01-01 16:34:54,8.94,1.44,0.85,3.49,16:34:54,12.873599999999998
1900-01-01 16:34:55,8.94,1.44,0.85,3.49,16:34:55,12.873599999999998
1900-01-01 16:34:56,8.94,1.44,0.85,3.49,16:34:56,12.873599999999998
1900-01-01 16:34:57,8.94,1.44,0.85,3.49,16:34:57,12.873599999999998
1900-01-01 16:34:58,8.94,1.44,0.85,3.49,16:34:58,12.873599999999998
1900-01-01 16:34:59,8.95,1.44,0.85,3.48,16:34:59,12.887999999999998
1900-01-01 16:35:00,8.95,1.44,0.84,3.48,16:35:00,12.887999999999998
1900-01-01 16:35:01,8.94,1.44,0.84,3.48,16:35:01,12.873599999999998
1900-01-01 16:35:02,8.93,1.44,0.85,3.48,16:35:02,12.8592
1900-01-01 16:35:03,8.95,1.43,0.85,3.48,16:35:03,12.798499999999999
1900-01-01 16:35:04,8.94,1.44,0.85,3.48,16:35:04,12.873599999999998
1900-01-01 16:35:05,8.94,1.43,0.85,3.49,16:35:05,12.784199999999998
1900-01-01 16:35:06,8.94,1.44,0.84,3.49,16:35:06,12.873599999999998
1900-01-01 16:35:07,8.94,1.44,0.85,3.48,16:35:07,12.873599999999998
1900-01-01 16:35:08,8.94,1.43,0.84,3.49,16:35:08,12.784199999999998
1900-01-01 16:35:09,8.94,1.43,0.85,3.49,16:35:09,12.784199999999998
1900-01-01 16:35:10,8.94,1.44,0.84,3.48,16:35:10,12.873599999999998
1900-01-01 16:35:11,8.94,1.44,0.84,3.48,16:35:11,12.873599999999998
1900-01-01 16:35:12,8.94,1.44,0.84,3.48,16:35:12,12.873599999999998
1900-01-01 16:35:13,8.94,1.44,0.85,3.49,16:35:13,12.873599999999998
1900-01-01 16:35:14,8.95,1.44,0.85,3.48,16:35:14,12.887999999999998
1900-01-01 16:35:15,8.95,1.44,0.85,3.49,16:35:15,12.887999999999998
1900-01-01 16:35:16,8.94,1.44,0.85,3.48,16:35:16,12.873599999999998
1900-01-01 16:35:17,8.95,1.44,0.85,3.49,16:35:17,12.887999999999998
1900-01-01 16:35:18,8.94,1.44,0.85,3.49,16:35:18,12.873599999999998
1900-01-01 16:35:19,8.95,1.44,0.85,3.49,16:35:19,12.887999999999998
1900-01-01 16:35:20,8.94,1.44,0.85,3.49,16:35:20,12.873599999999998
1900-01-01 16:35:21,8.95,1.44,0.85,3.48,16:35:21,12.887999999999998
1900-01-01 16:35:22,8.94,1.44,0.85,3.49,16:35:22,12.873599999999998
1900-01-01 16:35:23,8.94,1.43,0.85,3.48,16:35:23,12.784199999999998
1900-01-01 16:35:24,8.94,1.44,0.84,3.48,16:35:24,12.873599999999998
1900-01-01 16:35:25,8.94,1.44,0.85,3.48,16:35:25,12.873599999999998
1900-01-01 16:35:26,8.94,1.44,0.85,3.48,16:35:26,12.873599999999998
1900-01-01 16:35:27,8.94,1.44,0.85,3.48,16:35:27,12.873599999999998
1900-01-01 16:35:28,8.93,1.44,0.84,3.48,16:35:28,12.8592
1900-01-01 16:35:29,8.95,1.44,0.85,3.49,16:35:29,12.887999999999998
1900-01-01 16:35:30,8.94,1.44,0.85,3.49,16:35:30,12.873599999999998
1900-01-01 16:35:31,8.93,1.44,0.85,3.49,16:35:31,12.8592
1900-01-01 16:35:32,8.94,1.43,0.85,3.49,16:35:32,12.784199999999998
1900-01-01 16:35:33,8.94,1.44,0.85,3.49,16:35:33,12.873599999999998
1900-01-01 16:35:34,8.95,1.44,0.85,3.49,16:35:34,12.887999999999998
1900-01-01 16:35:35,8.95,1.44,0.85,3.48,16:35:35,12.887999999999998
1900-01-01 16:35:36,8.95,1.44,0.84,3.49,16:35:36,12.887999999999998
1900-01-01 16:35:37,8.94,1.44,0.85,3.48,16:35:37,12.873599999999998
1900-01-01 16:35:38,8.94,1.44,0.85,3.49,16:35:38,12.873599999999998
1900-01-01 16:35:39,8.94,1.44,0.85,3.48,16:35:39,12.873599999999998
1900-01-01 16:35:40,8.93,1.44,0.85,3.49,16:35:40,12.8592
1900-01-01 16:35:41,8.94,1.44,0.84,3.48,16:35:41,12.873599999999998
1900-01-01 16:35:42,8.94,1.44,0.85,3.49,16:35:42,12.873599999999998
1900-01-01 16:35:43,8.93,1.44,0.84,3.49,16:35:43,12.8592
1900-01-01 16:35:44,8.94,1.44,0.85,3.49,16:35:44,12.873599999999998
1900-01-01 16:35:45,8.94,1.44,0.85,3.49,16:35:45,12.873599999999998
1900-01-01 16:35:46,8.94,1.44,0.85,3.49,16:35:46,12.873599999999998
1900-01-01 16:35:47,8.93,1.44,0.85,3.49,16:35:47,12.8592
1900-01-01 16:35:48,8.93,1.44,0.84,3.49,16:35:48,12.8592
1900-01-01 16:35:49,8.94,1.43,0.85,3.48,16:35:49,12.784199999999998
1900-01-01 16:35:50,8.95,1.44,0.85,3.49,16:35:50,12.887999999999998
1900-01-01 16:35:51,8.95,1.44,0.85,3.48,16:35:51,12.887999999999998
1900-01-01 16:35:52,8.94,1.43,0.85,3.48,16:35:52,12.784199999999998
1900-01-01 16:35:53,8.96,1.43,0.85,3.49,16:35:53,12.812800000000001
1900-01-01 16:35:54,8.94,1.44,0.85,3.49,16:35:54,12.873599999999998
1900-01-01 16:35:55,8.95,1.44,0.85,3.49,16:35:55,12.887999999999998
1900-01-01 16:35:56,8.94,1.44,0.85,3.49,16:35:56,12.873599999999998
1900-01-01 16:35:57,8.95,1.44,0.85,3.49,16:35:57,12.887999999999998
1900-01-01 16:35:58,8.94,1.44,0.85,3.49,16:35:58,12.873599999999998
1900-01-01 16:35:59,8.95,1.44,0.85,3.49,16:35:59,12.887999999999998
1900-01-01 16:36:00,8.95,1.43,0.85,3.48,16:36:00,12.798499999999999
1900-01-01 16:36:01,8.95,1.44,0.85,3.49,16:36:01,12.887999999999998
1900-01-01 16:36:02,8.95,1.44,0.85,3.48,16:36:02,12.887999999999998
1900-01-01 16:36:03,8.95,1.44,0.84,3.48,16:36:03,12.887999999999998
1900-01-01 16:36:04,8.95,1.44,0.85,3.49,16:36:04,12.887999999999998
1900-01-01 16:36:05,8.95,1.44,0.85,3.49,16:36:05,12.887999999999998
1900-01-01 16:36:06,8.94,1.43,0.84,3.48,16:36:06,12.784199999999998
1900-01-01 16:36:07,8.94,1.44,0.84,3.49,16:36:07,12.873599999999998
1900-01-01 16:36:08,8.93,1.44,0.85,3.49,16:36:08,12.8592
1900-01-01 16:36:09,8.95,1.44,0.85,3.49,16:36:09,12.887999999999998
1900-01-01 16:36:10,8.95,1.44,0.85,3.49,16:36:10,12.887999999999998
1900-01-01 16:36:11,8.94,1.44,0.85,3.48,16:36:11,12.873599999999998
1900-01-01 16:36:12,8.95,1.44,0.85,3.49,16:36:12,12.887999999999998
1900-01-01 16:36:13,8.95,1.44,0.85,3.49,16:36:13,12.887999999999998
1900-01-01 16:36:14,8.94,1.44,0.85,3.49,16:36:14,12.873599999999998
1900-01-01 16:36:15,8.94,1.44,0.85,3.48,16:36:15,12.873599999999998
1900-01-01 16:36:16,8.95,1.44,0.85,3.48,16:36:16,12.887999999999998
1900-01-01 16:36:17,8.95,1.44,0.85,3.49,16:36:17,12.887999999999998
1900-01-01 16:36:18,8.94,1.44,0.85,3.49,16:36:18,12.873599999999998
1900-01-01 16:36:19,8.95,1.44,0.85,3.49,16:36:19,12.887999999999998
1900-01-01 16:36:20,8.95,1.44,0.85,3.49,16:36:20,12.887999999999998
1900-01-01 16:36:21,8.94,1.44,0.85,3.48,16:36:21,12.873599999999998
1900-01-01 16:36:22,8.95,1.44,0.85,3.49,16:36:22,12.887999999999998
1900-01-01 16:36:23,8.95,1.44,0.85,3.49,16:36:23,12.887999999999998
1900-01-01 16:36:24,8.95,1.44,0.85,3.49,16:36:24,12.887999999999998
1900-01-01 16:36:25,8.95,1.44,0.85,3.49,16:36:25,12.887999999999998
1900-01-01 16:36:26,8.94,1.44,0.85,3.48,16:36:26,12.873599999999998
1900-01-01 16:36:27,8.94,1.44,0.85,3.49,16:36:27,12.873599999999998
1900-01-01 16:36:28,8.95,1.44,0.85,3.49,16:36:28,12.887999999999998
1900-01-01 16:36:29,8.95,1.43,0.85,3.48,16:36:29,12.798499999999999
1900-01-01 16:36:30,8.95,1.44,0.85,3.49,16:36:30,12.887999999999998
1900-01-01 16:36:31,8.95,1.43,0.85,3.49,16:36:31,12.798499999999999
1900-01-01 16:36:32,8.94,1.44,0.85,3.49,16:36:32,12.873599999999998
1900-01-01 16:36:33,8.94,1.44,0.85,3.48,16:36:33,12.873599999999998
1900-01-01 16:36:34,8.95,1.44,0.85,3.49,16:36:34,12.887999999999998
1900-01-01 16:36:35,8.95,1.43,0.85,3.49,16:36:35,12.798499999999999
1900-01-01 16:36:36,8.94,1.44,0.85,3.48,16:36:36,12.873599999999998
1900-01-01 16:36:37,8.94,1.44,0.84,3.48,16:36:37,12.873599999999998
1900-01-01 16:36:38,8.94,1.44,0.85,3.48,16:36:38,12.873599999999998
1900-01-01 16:36:39,8.94,1.44,0.85,3.49,16:36:39,12.873599999999998
1900-01-01 16:36:40,8.95,1.44,0.85,3.49,16:36:40,12.887999999999998
1900-01-01 16:36:41,8.95,1.44,0.85,3.49,16:36:41,12.887999999999998
1900-01-01 16:36:42,8.94,1.44,0.85,3.48,16:36:42,12.873599999999998
1900-01-01 16:36:43,8.95,1.44,0.85,3.49,16:36:43,12.887999999999998
1900-01-01 16:36:44,8.95,1.44,0.84,3.48,16:36:44,12.887999999999998
1900-01-01 16:36:45,8.95,1.44,0.85,3.48,16:36:45,12.887999999999998
1900-01-01 16:36:46,8.95,1.44,0.85,3.49,16:36:46,12.887999999999998
1900-01-01 16:36:47,8.94,1.44,0.85,3.48,16:36:47,12.873599999999998
1900-01-01 16:36:48,8.95,1.44,0.85,3.49,16:36:48,12.887999999999998
1900-01-01 16:36:49,8.94,1.44,0.85,3.49,16:36:49,12.873599999999998
1900-01-01 16:36:50,8.95,1.44,0.85,3.49,16:36:50,12.887999999999998
1900-01-01 16:36:51,8.94,1.44,0.85,3.49,16:36:51,12.873599999999998
1900-01-01 16:36:52,8.94,1.44,0.84,3.48,16:36:52,12.873599999999998
1900-01-01 16:36:53,8.94,1.44,0.85,3.48,16:36:53,12.873599999999998
1900-01-01 16:36:54,8.94,1.44,0.84,3.48,16:36:54,12.873599999999998
1900-01-01 16:36:55,8.93,1.44,0.85,3.49,16:36:55,12.8592
1900-01-01 16:36:56,8.94,1.43,0.85,3.49,16:36:56,12.784199999999998
1900-01-01 16:36:57,8.94,1.43,0.85,3.49,16:36:57,12.784199999999998
1900-01-01 16:36:58,8.95,1.44,0.85,3.49,16:36:58,12.887999999999998
1900-01-01 16:36:59,8.94,1.44,0.85,3.49,16:36:59,12.873599999999998
1900-01-01 16:37:00,8.94,1.44,0.85,3.49,16:37:00,12.873599999999998
1900-01-01 16:37:01,8.95,1.43,0.85,3.48,16:37:01,12.798499999999999
1900-01-01 16:37:02,8.94,1.44,0.84,3.48,16:37:02,12.873599999999998
1900-01-01 16:37:03,8.94,1.44,0.84,3.48,16:37:03,12.873599999999998
1900-01-01 16:37:04,8.94,1.44,0.85,3.49,16:37:04,12.873599999999998
1900-01-01 16:37:05,8.94,1.44,0.85,3.49,16:37:05,12.873599999999998
1900-01-01 16:37:06,8.94,1.44,0.85,3.49,16:37:06,12.873599999999998
1900-01-01 16:37:07,8.93,1.44,0.85,3.48,16:37:07,12.8592
1900-01-01 16:37:08,8.94,1.44,0.84,3.48,16:37:08,12.873599999999998
1900-01-01 16:37:09,8.94,1.44,0.84,3.48,16:37:09,12.873599999999998
1900-01-01 16:37:10,8.94,1.44,0.85,3.48,16:37:10,12.873599999999998
1900-01-01 16:37:11,8.94,1.44,0.85,3.48,16:37:11,12.873599999999998
1900-01-01 16:37:12,8.95,1.44,0.85,3.49,16:37:12,12.887999999999998
1900-01-01 16:37:13,8.94,1.44,0.85,3.49,16:37:13,12.873599999999998
1900-01-01 16:37:14,8.94,1.44,0.85,3.49,16:37:14,12.873599999999998
1900-01-01 16:37:15,8.94,1.44,0.85,3.49,16:37:15,12.873599999999998
1900-01-01 16:37:16,8.94,1.44,0.85,3.49,16:37:16,12.873599999999998
1900-01-01 16:37:17,8.94,1.44,0.85,3.49,16:37:17,12.873599999999998
1900-01-01 16:37:18,8.94,1.43,0.85,3.48,16:37:18,12.784199999999998
1900-01-01 16:37:19,8.93,1.44,0.85,3.48,16:37:19,12.8592
1900-01-01 16:37:20,8.93,1.44,0.85,3.48,16:37:20,12.8592
1900-01-01 16:37:21,8.94,1.43,0.85,3.48,16:37:21,12.784199999999998
1900-01-01 16:37:22,8.95,1.44,0.85,3.49,16:37:22,12.887999999999998
1900-01-01 16:37:23,8.95,1.44,0.85,3.49,16:37:23,12.887999999999998
1900-01-01 16:37:24,8.94,1.44,0.85,3.49,16:37:24,12.873599999999998
1900-01-01 16:37:25,8.94,1.44,0.85,3.49,16:37:25,12.873599999999998
1900-01-01 16:37:26,8.94,1.44,0.85,3.49,16:37:26,12.873599999999998
1900-01-01 16:37:27,8.94,1.44,0.85,3.49,16:37:27,12.873599999999998
1900-01-01 16:37:28,8.94,1.44,0.85,3.49,16:37:28,12.873599999999998
1900-01-01 16:37:29,8.94,1.44,0.85,3.49,16:37:29,12.873599999999998
1900-01-01 16:37:30,8.94,1.44,0.84,3.49,16:37:30,12.873599999999998
1900-01-01 16:37:31,8.94,1.44,0.84,3.49,16:37:31,12.873599999999998
1900-01-01 16:37:32,8.95,1.44,0.85,3.49,16:37:32,12.887999999999998
1900-01-01 16:37:33,8.94,1.44,0.84,3.48,16:37:33,12.873599999999998
1900-01-01 16:37:34,8.94,1.44,0.84,3.48,16:37:34,12.873599999999998
1900-01-01 16:37:35,8.94,1.44,0.85,3.48,16:37:35,12.873599999999998
1900-01-01 16:37:36,8.94,1.44,0.84,3.48,16:37:36,12.873599999999998
1900-01-01 16:37:37,8.94,1.44,0.84,3.48,16:37:37,12.873599999999998
1900-01-01 16:37:38,8.94,1.44,0.85,3.49,16:37:38,12.873599999999998
1900-01-01 16:37:39,8.94,1.44,0.85,3.49,16:37:39,12.873599999999998
1900-01-01 16:37:40,8.94,1.44,0.85,3.49,16:37:40,12.873599999999998
1900-01-01 16:37:41,8.94,1.43,0.85,3.49,16:37:41,12.784199999999998
1900-01-01 16:37:42,8.95,1.44,0.84,3.48,16:37:42,12.887999999999998
1900-01-01 16:37:43,8.94,1.44,0.85,3.48,16:37:43,12.873599999999998
1900-01-01 16:37:44,8.94,1.44,0.85,3.48,16:37:44,12.873599999999998
1900-01-01 16:37:45,8.94,1.44,0.85,3.49,16:37:45,12.873599999999998
1900-01-01 16:37:46,8.94,1.44,0.85,3.49,16:37:46,12.873599999999998
1900-01-01 16:37:47,8.93,1.44,0.85,3.48,16:37:47,12.8592
1900-01-01 16:37:48,8.93,1.44,0.85,3.48,16:37:48,12.8592
1900-01-01 16:37:49,8.95,1.43,0.85,3.49,16:37:49,12.798499999999999
1900-01-01 16:37:50,8.94,1.43,0.85,3.49,16:37:50,12.784199999999998
1900-01-01 16:37:51,8.94,1.43,0.85,3.49,16:37:51,12.784199999999998
1900-01-01 16:37:52,8.94,1.44,0.84,3.49,16:37:52,12.873599999999998
1900-01-01 16:37:53,8.95,1.44,0.85,3.48,16:37:53,12.887999999999998
1900-01-01 16:37:54,8.95,1.44,0.85,3.48,16:37:54,12.887999999999998
1900-01-01 16:37:55,8.93,1.44,0.85,3.49,16:37:55,12.8592
1900-01-01 16:37:56,8.93,1.44,0.85,3.49,16:37:56,12.8592
1900-01-01 16:37:57,8.93,1.44,0.85,3.49,16:37:57,12.8592
1900-01-01 16:37:58,8.94,1.44,0.85,3.48,16:37:58,12.873599999999998
1900-01-01 16:37:59,8.95,1.44,0.85,3.48,16:37:59,12.887999999999998
1900-01-01 16:38:00,8.94,1.44,0.85,3.48,16:38:00,12.873599999999998
1900-01-01 16:38:01,8.94,1.44,0.85,3.48,16:38:01,12.873599999999998
1900-01-01 16:38:02,8.94,1.44,0.85,3.48,16:38:02,12.873599999999998
1900-01-01 16:38:03,8.94,1.44,0.85,3.48,16:38:03,12.873599999999998
1900-01-01 16:38:04,8.94,1.44,0.85,3.49,16:38:04,12.873599999999998
1900-01-01 16:38:05,8.95,1.43,0.85,3.48,16:38:05,12.798499999999999
1900-01-01 16:38:06,8.95,1.44,0.85,3.49,16:38:06,12.887999999999998
1900-01-01 16:38:07,8.93,1.43,0.85,3.48,16:38:07,12.7699
1900-01-01 16:38:08,8.94,1.44,0.85,3.49,16:38:08,12.873599999999998
1900-01-01 16:38:09,8.94,1.44,0.85,3.48,16:38:09,12.873599999999998
1900-01-01 16:38:10,8.94,1.44,0.85,3.49,16:38:10,12.873599999999998
1900-01-01 16:38:11,8.94,1.44,0.85,3.49,16:38:11,12.873599999999998
1900-01-01 16:38:12,8.95,1.43,0.85,3.49,16:38:12,12.798499999999999
1900-01-01 16:38:13,8.94,1.44,0.85,3.49,16:38:13,12.873599999999998
1900-01-01 16:38:14,8.94,1.44,0.84,3.48,16:38:14,12.873599999999998
1900-01-01 16:38:15,8.94,1.44,0.85,3.49,16:38:15,12.873599999999998
1900-01-01 16:38:16,8.95,1.43,0.85,3.48,16:38:16,12.798499999999999
1900-01-01 16:38:17,8.95,1.44,0.84,3.48,16:38:17,12.887999999999998
1900-01-01 16:38:18,8.94,1.44,0.85,3.49,16:38:18,12.873599999999998
1900-01-01 16:38:19,8.95,1.44,0.85,3.48,16:38:19,12.887999999999998
1900-01-01 16:38:20,8.95,1.44,0.84,3.48,16:38:20,12.887999999999998
1900-01-01 16:38:21,8.95,1.44,0.85,3.49,16:38:21,12.887999999999998
1900-01-01 16:38:22,8.95,1.44,0.85,3.49,16:38:22,12.887999999999998
1900-01-01 16:38:23,8.95,1.44,0.85,3.49,16:38:23,12.887999999999998
1900-01-01 16:38:24,8.94,1.44,0.85,3.49,16:38:24,12.873599999999998
1900-01-01 16:38:25,8.95,1.43,0.85,3.49,16:38:25,12.798499999999999
1900-01-01 16:38:26,8.94,1.44,0.85,3.49,16:38:26,12.873599999999998
1900-01-01 16:38:27,8.94,1.44,0.85,3.49,16:38:27,12.873599999999998
1900-01-01 16:38:28,8.95,1.44,0.85,3.49,16:38:28,12.887999999999998
1900-01-01 16:38:29,8.94,1.44,0.85,3.48,16:38:29,12.873599999999998
1900-01-01 16:38:30,8.94,1.44,0.85,3.49,16:38:30,12.873599999999998
1900-01-01 16:38:31,8.94,1.44,0.85,3.48,16:38:31,12.873599999999998
1900-01-01 16:38:32,8.95,1.44,0.84,3.48,16:38:32,12.887999999999998
1900-01-01 16:38:33,8.93,1.44,0.85,3.48,16:38:33,12.8592
1900-01-01 16:38:34,8.94,1.44,0.85,3.49,16:38:34,12.873599999999998
1900-01-01 16:38:35,8.93,1.44,0.85,3.48,16:38:35,12.8592
1900-01-01 16:38:36,8.94,1.44,0.84,3.48,16:38:36,12.873599999999998
1900-01-01 16:38:37,8.95,1.44,0.84,3.48,16:38:37,12.887999999999998
1900-01-01 16:38:38,8.94,1.44,0.84,3.49,16:38:38,12.873599999999998
1900-01-01 16:38:39,8.95,1.44,0.85,3.49,16:38:39,12.887999999999998
1900-01-01 16:38:40,8.94,1.44,0.85,3.49,16:38:40,12.873599999999998
1900-01-01 16:38:41,8.94,1.44,0.85,3.48,16:38:41,12.873599999999998
1900-01-01 16:38:42,8.94,1.44,0.84,3.49,16:38:42,12.873599999999998
1900-01-01 16:38:43,8.94,1.44,0.84,3.48,16:38:43,12.873599999999998
1900-01-01 16:38:44,8.95,1.44,0.85,3.49,16:38:44,12.887999999999998
1900-01-01 16:38:45,8.95,1.44,0.85,3.49,16:38:45,12.887999999999998
1900-01-01 16:38:46,8.94,1.44,0.85,3.49,16:38:46,12.873599999999998
1900-01-01 16:38:47,8.94,1.44,0.84,3.49,16:38:47,12.873599999999998
1900-01-01 16:38:48,8.95,1.44,0.85,3.49,16:38:48,12.887999999999998
1900-01-01 16:38:49,8.95,1.44,0.85,3.49,16:38:49,12.887999999999998
1900-01-01 16:38:50,8.94,1.43,0.85,3.48,16:38:50,12.784199999999998
1900-01-01 16:38:51,8.95,1.44,0.85,3.48,16:38:51,12.887999999999998
1900-01-01 16:38:52,8.94,1.44,0.84,3.48,16:38:52,12.873599999999998
1900-01-01 16:38:53,8.94,1.44,0.85,3.48,16:38:53,12.873599999999998
1900-01-01 16:38:54,8.95,1.44,0.85,3.49,16:38:54,12.887999999999998
1900-01-01 16:38:55,8.94,1.44,0.85,3.48,16:38:55,12.873599999999998
1900-01-01 16:38:56,8.95,1.44,0.85,3.48,16:38:56,12.887999999999998
1900-01-01 16:38:57,8.94,1.43,0.85,3.48,16:38:57,12.784199999999998
1900-01-01 16:38:58,8.95,1.44,0.85,3.49,16:38:58,12.887999999999998
1900-01-01 16:38:59,8.95,1.44,0.85,3.49,16:38:59,12.887999999999998
1900-01-01 16:39:00,8.94,1.44,0.85,3.48,16:39:00,12.873599999999998
1900-01-01 16:39:01,8.94,1.44,0.85,3.48,16:39:01,12.873599999999998
1900-01-01 16:39:02,8.94,1.44,0.84,3.48,16:39:02,12.873599999999998
1900-01-01 16:39:03,8.94,1.44,0.85,3.48,16:39:03,12.873599999999998
1900-01-01 16:39:04,8.94,1.44,0.85,3.48,16:39:04,12.873599999999998
1900-01-01 16:39:05,8.95,1.44,0.85,3.49,16:39:05,12.887999999999998
1900-01-01 16:39:06,8.93,1.44,0.85,3.49,16:39:06,12.8592
1900-01-01 16:39:07,8.94,1.44,0.85,3.49,16:39:07,12.873599999999998
1900-01-01 16:39:08,8.95,1.43,0.85,3.49,16:39:08,12.798499999999999
1900-01-01 16:39:09,8.94,1.44,0.84,3.48,16:39:09,12.873599999999998
1900-01-01 16:39:10,8.94,1.44,0.85,3.49,16:39:10,12.873599999999998
1900-01-01 16:39:11,8.94,1.44,0.85,3.48,16:39:11,12.873599999999998
1900-01-01 16:39:12,8.94,1.44,0.85,3.49,16:39:12,12.873599999999998
1900-01-01 16:39:13,8.94,1.44,0.84,3.48,16:39:13,12.873599999999998
1900-01-01 16:39:14,8.95,1.43,0.85,3.49,16:39:14,12.798499999999999
1900-01-01 16:39:15,8.95,1.44,0.85,3.48,16:39:15,12.887999999999998
1900-01-01 16:39:16,8.94,1.44,0.85,3.49,16:39:16,12.873599999999998
1900-01-01 16:39:17,8.94,1.44,0.85,3.48,16:39:17,12.873599999999998
1900-01-01 16:39:18,8.94,1.44,0.85,3.49,16:39:18,12.873599999999998
1900-01-01 16:39:19,8.95,1.44,0.85,3.49,16:39:19,12.887999999999998
1900-01-01 16:39:20,8.95,1.44,0.85,3.48,16:39:20,12.887999999999998
1900-01-01 16:39:21,8.94,1.44,0.85,3.49,16:39:21,12.873599999999998
1900-01-01 16:39:22,8.94,1.44,0.85,3.48,16:39:22,12.873599999999998
1900-01-01 16:39:23,8.95,1.45,0.85,3.49,16:39:23,12.9775
1900-01-01 16:39:24,8.93,1.44,0.85,3.49,16:39:24,12.8592
1900-01-01 16:39:25,8.95,1.44,0.84,3.48,16:39:25,12.887999999999998
1900-01-01 16:39:26,8.94,1.44,0.84,3.48,16:39:26,12.873599999999998
1900-01-01 16:39:27,8.94,1.44,0.85,3.49,16:39:27,12.873599999999998
1900-01-01 16:39:28,8.94,1.44,0.85,3.48,16:39:28,12.873599999999998
1900-01-01 16:39:29,8.94,1.44,0.85,3.49,16:39:29,12.873599999999998
1900-01-01 16:39:30,8.94,1.44,0.85,3.49,16:39:30,12.873599999999998
1900-01-01 16:39:31,8.95,1.44,0.85,3.48,16:39:31,12.887999999999998
1900-01-01 16:39:32,8.95,1.44,0.85,3.48,16:39:32,12.887999999999998
1900-01-01 16:39:33,8.95,1.44,0.84,3.49,16:39:33,12.887999999999998
1900-01-01 16:39:34,8.94,1.43,0.85,3.49,16:39:34,12.784199999999998
1900-01-01 16:39:35,8.94,1.44,0.85,3.49,16:39:35,12.873599999999998
1900-01-01 16:39:36,8.94,1.44,0.85,3.49,16:39:36,12.873599999999998
1900-01-01 16:39:37,8.95,1.44,0.85,3.49,16:39:37,12.887999999999998
1900-01-01 16:39:38,8.94,1.43,0.85,3.48,16:39:38,12.784199999999998
1900-01-01 16:39:39,8.94,1.44,0.85,3.49,16:39:39,12.873599999999998
1900-01-01 16:39:40,8.95,1.44,0.85,3.48,16:39:40,12.887999999999998
1900-01-01 16:39:41,8.95,1.44,0.85,3.49,16:39:41,12.887999999999998
1900-01-01 16:39:42,8.95,1.44,0.85,3.49,16:39:42,12.887999999999998
1900-01-01 16:39:43,8.94,1.44,0.85,3.48,16:39:43,12.873599999999998
1900-01-01 16:39:44,8.95,1.44,0.85,3.49,16:39:44,12.887999999999998
1900-01-01 16:39:45,8.95,1.44,0.85,3.49,16:39:45,12.887999999999998
1900-01-01 16:39:46,8.94,1.44,0.85,3.49,16:39:46,12.873599999999998
1900-01-01 16:39:47,8.95,1.44,0.85,3.48,16:39:47,12.887999999999998
1900-01-01 16:39:48,8.95,1.44,0.84,3.48,16:39:48,12.887999999999998
1900-01-01 16:39:49,8.94,1.44,0.85,3.49,16:39:49,12.873599999999998
1900-01-01 16:39:50,8.94,1.44,0.85,3.48,16:39:50,12.873599999999998
1900-01-01 16:39:51,8.94,1.44,0.85,3.49,16:39:51,12.873599999999998
1900-01-01 16:39:52,8.94,1.44,0.85,3.48,16:39:52,12.873599999999998
1900-01-01 16:39:53,8.94,1.43,0.85,3.48,16:39:53,12.784199999999998
1900-01-01 16:39:54,8.94,1.44,0.85,3.48,16:39:54,12.873599999999998
1900-01-01 16:39:55,8.94,1.44,0.84,3.48,16:39:55,12.873599999999998
1900-01-01 16:39:56,8.94,1.44,0.85,3.49,16:39:56,12.873599999999998
1900-01-01 16:39:57,8.94,1.44,0.85,3.49,16:39:57,12.873599999999998
1900-01-01 16:39:58,8.95,1.44,0.85,3.49,16:39:58,12.887999999999998
1900-01-01 16:39:59,8.94,1.44,0.85,3.49,16:39:59,12.873599999999998
1900-01-01 16:40:00,8.95,1.44,0.84,3.49,16:40:00,12.887999999999998
1900-01-01 16:40:01,8.94,1.44,0.85,3.49,16:40:01,12.873599999999998
1900-01-01 16:40:02,8.95,1.44,0.85,3.49,16:40:02,12.887999999999998
1900-01-01 16:40:03,8.94,1.44,0.85,3.48,16:40:03,12.873599999999998
1900-01-01 16:40:04,8.94,1.44,0.85,3.49,16:40:04,12.873599999999998
1900-01-01 16:40:05,8.94,1.44,0.85,3.48,16:40:05,12.873599999999998
1900-01-01 16:40:06,8.94,1.44,0.85,3.49,16:40:06,12.873599999999998
1900-01-01 16:40:07,8.94,1.44,0.85,3.49,16:40:07,12.873599999999998
1900-01-01 16:40:08,8.95,1.44,0.85,3.48,16:40:08,12.887999999999998
1900-01-01 16:40:09,8.94,1.44,0.85,3.48,16:40:09,12.873599999999998
1900-01-01 16:40:10,8.94,1.44,0.85,3.49,16:40:10,12.873599999999998
1900-01-01 16:40:11,8.94,1.44,0.85,3.48,16:40:11,12.873599999999998
1900-01-01 16:40:12,8.94,1.44,0.85,3.49,16:40:12,12.873599999999998
1900-01-01 16:40:13,8.94,1.44,0.85,3.48,16:40:13,12.873599999999998
1900-01-01 16:40:14,8.95,1.44,0.85,3.49,16:40:14,12.887999999999998
1900-01-01 16:40:15,8.94,1.44,0.85,3.49,16:40:15,12.873599999999998
1900-01-01 16:40:16,8.95,1.44,0.85,3.48,16:40:16,12.887999999999998
1900-01-01 16:40:17,8.94,1.43,0.85,3.49,16:40:17,12.784199999999998
1900-01-01 16:40:18,8.94,1.43,0.85,3.48,16:40:18,12.784199999999998
1900-01-01 16:40:19,8.94,1.44,0.84,3.48,16:40:19,12.873599999999998
1900-01-01 16:40:20,8.95,1.44,0.85,3.49,16:40:20,12.887999999999998
1900-01-01 16:40:21,8.95,1.44,0.84,3.48,16:40:21,12.887999999999998
1900-01-01 16:40:22,8.95,1.44,0.84,3.49,16:40:22,12.887999999999998
1900-01-01 16:40:23,8.94,1.44,0.85,3.49,16:40:23,12.873599999999998
1900-01-01 16:40:24,8.94,1.44,0.85,3.48,16:40:24,12.873599999999998
1900-01-01 16:40:25,8.95,1.43,0.85,3.49,16:40:25,12.798499999999999
1900-01-01 16:40:26,8.95,1.44,0.85,3.48,16:40:26,12.887999999999998
1900-01-01 16:40:27,8.94,1.44,0.85,3.49,16:40:27,12.873599999999998
1900-01-01 16:40:28,8.94,1.44,0.84,3.49,16:40:28,12.873599999999998
1900-01-01 16:40:29,8.95,1.44,0.85,3.48,16:40:29,12.887999999999998
1900-01-01 16:40:30,8.94,1.44,0.84,3.49,16:40:30,12.873599999999998
1900-01-01 16:40:31,8.95,1.44,0.85,3.49,16:40:31,12.887999999999998
1900-01-01 16:40:32,8.95,1.44,0.84,3.49,16:40:32,12.887999999999998
1900-01-01 16:40:33,8.95,1.43,0.85,3.48,16:40:33,12.798499999999999
1900-01-01 16:40:34,8.94,1.44,0.85,3.48,16:40:34,12.873599999999998
1900-01-01 16:40:35,8.95,1.44,0.84,3.49,16:40:35,12.887999999999998
1900-01-01 16:40:36,8.95,1.44,0.85,3.48,16:40:36,12.887999999999998
1900-01-01 16:40:37,8.94,1.44,0.85,3.48,16:40:37,12.873599999999998
1900-01-01 16:40:38,8.95,1.44,0.84,3.48,16:40:38,12.887999999999998
1900-01-01 16:40:39,8.95,1.44,0.85,3.49,16:40:39,12.887999999999998
1900-01-01 16:40:40,8.93,1.44,0.85,3.49,16:40:40,12.8592
1900-01-01 16:40:41,8.95,1.44,0.84,3.48,16:40:41,12.887999999999998
1900-01-01 16:40:42,8.94,1.44,0.85,3.48,16:40:42,12.873599999999998
1900-01-01 16:40:43,8.95,1.44,0.85,3.49,16:40:43,12.887999999999998
1900-01-01 16:40:44,8.94,1.44,0.85,3.48,16:40:44,12.873599999999998
1900-01-01 16:40:45,8.95,1.44,0.84,3.49,16:40:45,12.887999999999998
1900-01-01 16:40:46,8.94,1.44,0.85,3.48,16:40:46,12.873599999999998
1900-01-01 16:40:47,8.94,1.44,0.85,3.48,16:40:47,12.873599999999998
1900-01-01 16:40:48,8.94,1.44,0.85,3.48,16:40:48,12.873599999999998
1900-01-01 16:40:49,8.94,1.44,0.84,3.48,16:40:49,12.873599999999998
1900-01-01 16:40:50,8.95,1.44,0.85,3.49,16:40:50,12.887999999999998
1900-01-01 16:40:51,8.95,1.44,0.85,3.49,16:40:51,12.887999999999998
1900-01-01 16:40:52,8.93,1.44,0.85,3.48,16:40:52,12.8592
1900-01-01 16:40:53,8.95,1.44,0.85,3.48,16:40:53,12.887999999999998
1900-01-01 16:40:54,8.95,1.44,0.85,3.49,16:40:54,12.887999999999998
1900-01-01 16:40:55,8.95,1.44,0.85,3.48,16:40:55,12.887999999999998
1900-01-01 16:40:56,8.94,1.43,0.85,3.49,16:40:56,12.784199999999998
1900-01-01 16:40:57,8.94,1.44,0.85,3.48,16:40:57,12.873599999999998
1900-01-01 16:40:58,8.95,1.43,0.85,3.48,16:40:58,12.798499999999999
1900-01-01 16:40:59,8.94,1.44,0.85,3.49,16:40:59,12.873599999999998
1900-01-01 16:41:00,8.94,1.44,0.85,3.48,16:41:00,12.873599999999998
1900-01-01 16:41:01,8.94,1.44,0.85,3.49,16:41:01,12.873599999999998
1900-01-01 16:41:02,8.94,1.44,0.85,3.49,16:41:02,12.873599999999998
1900-01-01 16:41:03,8.94,1.44,0.85,3.48,16:41:03,12.873599999999998
1900-01-01 16:41:04,8.95,1.44,0.85,3.48,16:41:04,12.887999999999998
1900-01-01 16:41:05,8.95,1.44,0.85,3.49,16:41:05,12.887999999999998
1900-01-01 16:41:06,8.95,1.44,0.85,3.49,16:41:06,12.887999999999998
1900-01-01 16:41:07,8.95,1.44,0.85,3.49,16:41:07,12.887999999999998
1900-01-01 16:41:08,8.94,1.44,0.85,3.48,16:41:08,12.873599999999998
1900-01-01 16:41:09,8.94,1.44,0.84,3.48,16:41:09,12.873599999999998
1900-01-01 16:41:10,8.95,1.44,0.85,3.49,16:41:10,12.887999999999998
1900-01-01 16:41:11,8.94,1.44,0.85,3.49,16:41:11,12.873599999999998
1900-01-01 16:41:12,8.95,1.44,0.85,3.49,16:41:12,12.887999999999998
1900-01-01 16:41:13,8.94,1.44,0.85,3.48,16:41:13,12.873599999999998
1900-01-01 16:41:14,8.94,1.44,0.85,3.49,16:41:14,12.873599999999998
1900-01-01 16:41:15,8.95,1.44,0.85,3.49,16:41:15,12.887999999999998
1900-01-01 16:41:16,8.95,1.44,0.85,3.48,16:41:16,12.887999999999998
1900-01-01 16:41:17,8.95,1.44,0.84,3.49,16:41:17,12.887999999999998
1900-01-01 16:41:18,8.95,1.44,0.85,3.49,16:41:18,12.887999999999998
1900-01-01 16:41:19,8.95,1.44,0.85,3.48,16:41:19,12.887999999999998
1900-01-01 16:41:20,8.96,1.44,0.85,3.48,16:41:20,12.9024
1900-01-01 16:41:21,8.94,1.44,0.85,3.49,16:41:21,12.873599999999998
1900-01-01 16:41:22,8.95,1.44,0.84,3.49,16:41:22,12.887999999999998
